{"type":"FeatureCollection","name":"echague-barangays","features":[{"type":"Feature","properties":{"adm4_name":"Angoluan","adm4_pcode":"PH0203112001"},"geometry":{"type":"Polygon","coordinates":[[[121.67062818300008,16.7231278160001],[121.66821856700005,16.726468647],[121.66682256500019,16.726043683],[121.66467056700014,16.72618068900016],[121.66324456800021,16.726167700000076],[121.66055856600019,16.725568755000154],[121.65933056200015,16.724916803000042],[121.65790355400009,16.72378388200019],[121.65720798400002,16.722742976000063],[121.65639447900014,16.721872525000038],[121.6554625330001,16.720699086000025],[121.6536085150002,16.718170253000153],[121.65370964700003,16.716207182000176],[121.65382613700012,16.715333507000082],[121.66245693700012,16.708313962999966],[121.66436624400012,16.70913223800011],[121.66502824300005,16.711945962000186],[121.66482711100014,16.713776267000014],[121.66483528200001,16.716568430000052],[121.6639960780002,16.71777606500001],[121.6639960780002,16.718267306000087],[121.66401654700019,16.718615269],[121.66424169900017,16.719126979000066],[121.66499902900011,16.719536346000098],[121.66843632100017,16.721751534000077],[121.67062818300008,16.7231278160001]]]}},{"type":"Feature","properties":{"adm4_name":"Annafunan","adm4_pcode":"PH0203112002"},"geometry":{"type":"Polygon","coordinates":[[[121.72649714700015,16.718881999000075],[121.7260574720001,16.719255682000153],[121.71663447500032,16.71874777800008],[121.71567482000023,16.717441898000175],[121.7117940600001,16.71216102900013],[121.7149996490001,16.705677226000034],[121.71410904800018,16.70517758200009],[121.71430315000009,16.70505626800019],[121.71487332400022,16.704219204000026],[121.71781734400008,16.70143582200012],[121.71917535200032,16.702612741000053],[121.72166236100009,16.704077634000043],[121.72318836700026,16.70502956600012],[121.72430907800003,16.705912624000177],[121.72535793400027,16.70700594900012],[121.72656038600007,16.7078933680001],[121.72730039200007,16.708815307000066],[121.72838316800016,16.711888277000128],[121.72876989100007,16.713797479],[121.72792426900025,16.71531526100017],[121.72738220400004,16.715879009000105],[121.72666154600017,16.717667275999986],[121.72661131300015,16.71814677200007],[121.72650907300022,16.718803401000116],[121.72649714700015,16.718881999000075]]]}},{"type":"Feature","properties":{"adm4_name":"Arabiat","adm4_pcode":"PH0203112003"},"geometry":{"type":"Polygon","coordinates":[[[121.62797312100008,16.663190770000085],[121.61055697200015,16.668719183],[121.60239627400028,16.66375624500006],[121.60022499700017,16.66243578000018],[121.59850548500015,16.657537776000083],[121.59949550700003,16.651962389000175],[121.59715071800008,16.64904443000006],[121.59730703700029,16.645605406000072],[121.59715071800008,16.64169742400003],[121.59718793900004,16.636075632000143],[121.59871391100035,16.635288334000165],[121.60376823300021,16.634402525000155],[121.6093957270001,16.63487148300004],[121.61571765600013,16.636839871],[121.62044228900015,16.63606993000019],[121.62466290900011,16.63633046300015],[121.6302671110002,16.639306195000188],[121.631923991,16.646214775000146],[121.63004996300015,16.65115471200005],[121.62889755800006,16.65528513300012],[121.62908939500005,16.657203503000062],[121.62862898600008,16.658891668000024],[121.62747796400004,16.660810038000136],[121.62797312100008,16.663190770000085]]]}},{"type":"Feature","properties":{"adm4_name":"Aromin","adm4_pcode":"PH0203112004"},"geometry":{"type":"Polygon","coordinates":[[[121.7566219380002,16.709979031000103],[121.74893221900015,16.711092519000033],[121.74921198200013,16.706476437000163],[121.7500162990001,16.70336407900004],[121.7502960610002,16.70081124500001],[121.7519825170001,16.696626416000072],[121.75302171800001,16.69297940900003],[121.75383116100011,16.688194090000138],[121.75764381600015,16.689007664000144],[121.76183540600005,16.688751036000042],[121.76253348800026,16.685860410000146],[121.76585054500003,16.683597887000076],[121.7660695940001,16.683777041000155],[121.76602057700006,16.68412832900009],[121.76600423800005,16.68438158300006],[121.76612678000004,16.684602159000065],[121.7664617290003,16.68472470100005],[121.76650257600022,16.68496161600001],[121.76655159300014,16.68522303900005],[121.76676399900009,16.685435446000156],[121.76698457500004,16.685533479000185],[121.76719698200009,16.685590666000053],[121.76740938800015,16.685933783999985],[121.76745023600029,16.686423953000144],[121.76761362500008,16.686693545000082],[121.76804660800008,16.68681608800017],[121.76820182800009,16.686971308000068],[121.76861847100008,16.687036664000118],[121.76874918300007,16.686807918],[121.76896158900001,16.68671805400004],[121.76911680900002,16.68645663100017],[121.76954162200013,16.68647297000001],[121.76967233400012,16.686791578999987],[121.76984389300003,16.687020325000105],[121.77013799400027,16.68714286700009],[121.77045660400017,16.687355273000094],[121.77070985800003,16.687739239000052],[121.77088141700006,16.687910798000132],[121.77097945100002,16.688074187000097],[121.77111833200001,16.688196730000186],[121.77129806000016,16.68840913600019],[121.77162484000019,16.688368289000096],[121.77187809300005,16.688311102000057],[121.77200880500004,16.688311102000057],[121.77209050000022,16.688417306000133],[121.77208233000022,16.688588865000042],[121.77200880500004,16.688711407000028],[121.771820907,16.688842119000014],[121.77169019500002,16.689046355000073],[121.77182907700012,16.689111711000123],[121.77200063600003,16.689087203000042],[121.77214768600015,16.688981],[121.77227839800014,16.68883394900007],[121.77248263500007,16.68883394900007],[121.77259700800016,16.688964661000057],[121.77261334700017,16.689111711000123],[121.77248263500007,16.689250592000178],[121.77239277100023,16.689381304000165],[121.77226205900024,16.689446660000044],[121.77225388900013,16.689618219000124],[121.77238460100011,16.68967540500006],[121.77254799100012,16.68967540500006],[121.77267053300011,16.68965089700015],[121.77269811100007,16.68965089700015],[121.7728992780003,16.68965089700015],[121.7730790070002,16.689699914000016],[121.7730626680002,16.68991232000019],[121.7730463290003,16.690206422000188],[121.77320971900019,16.690361642000084],[121.77349565000009,16.690369811000153],[121.7736508700001,16.69039432000011],[121.77381426000034,16.6904433360001],[121.77386327700003,16.690639404000137],[121.77378158200008,16.69099886100014],[121.77363453100008,16.69115408099998],[121.77356100600002,16.691399165],[121.7736508700001,16.691562555000075],[121.77396948000023,16.691480860000127],[121.7742227340002,16.691464521000114],[121.7743779540001,16.691578894000088],[121.7743697850002,16.691881165000098],[121.77441063200013,16.692158927000037],[121.77468022500011,16.692354995000073],[121.77484361400002,16.692518383999982],[121.77473741100005,16.692787977000023],[121.7744391660002,16.693172323],[121.78301251400023,16.696994102000133],[121.78301827900009,16.699228502000096],[121.78300232200013,16.704935154999987],[121.77782233000016,16.705528155000025],[121.76443361900022,16.708791134000137],[121.7566219380002,16.709979031000103]]]}},{"type":"Feature","properties":{"adm4_name":"Babaran","adm4_pcode":"PH0203112005"},"geometry":{"type":"Polygon","coordinates":[[[121.72887553500027,16.69199319500018],[121.71675753500006,16.694584465000162],[121.71665591700014,16.693974754000067],[121.71624944300004,16.693796922000104],[121.71553811400008,16.693542876000038],[121.7151570440002,16.69326342500011],[121.71467435700015,16.692882356000098],[121.71469976100013,16.69245047800007],[121.71485218900011,16.69206940800018],[121.71551270900022,16.69212021800007],[121.71548730400002,16.691840767000144],[121.71523325800013,16.69166293500018],[121.71492840300004,16.691358079],[121.71500461700009,16.690951605000123],[121.71543649500018,16.690926200999968],[121.71612242000015,16.6911040330001],[121.71615426400012,16.69066548799998],[121.7159191830001,16.69034189500013],[121.71548730400002,16.690240276000168],[121.7151570440002,16.690265681000028],[121.71485218900011,16.69054513200018],[121.71429328800014,16.69057053600011],[121.71388681400026,16.690494322000063],[121.7139376230001,16.689935421000087],[121.71444571500001,16.68914787800003],[121.71398843200018,16.688843023000118],[121.71340412600011,16.689300306000177],[121.71294684300005,16.689427329000125],[121.71317548500008,16.688614381000036],[121.71226091900007,16.687801434000164],[121.71205768200014,16.687572792000083],[121.71221010900001,16.68716631800004],[121.71203227700005,16.686759844000107],[121.71152418500026,16.68660741700006],[121.71121933000018,16.687013891000106],[121.71116852000023,16.687521983000067],[121.71060961900014,16.68749657800015],[121.71022855000012,16.68719172300007],[121.70997450400023,16.686709035000092],[121.70969505300013,16.68632796600008],[121.7093393880001,16.686200943000188],[121.70936479300008,16.685794469000086],[121.70977126700018,16.685794469000086],[121.71005071700006,16.685565828000108],[121.71015233600019,16.684854499000153],[121.7100353840001,16.68445627800014],[121.71005071700006,16.684397216000036],[121.71063502300024,16.684092360000022],[121.71040638200009,16.683736696000096],[121.71007612200026,16.683482649000155],[121.710101527,16.682847534000075],[121.71025395400011,16.68236484700003],[121.71025395400011,16.681958373000157],[121.71002531300007,16.681323256999974],[121.70984748100011,16.680916784000033],[121.70931398400012,16.68053571500019],[121.70936479300008,16.680002218000027],[121.7096188390002,16.67967195800003],[121.70928857900003,16.67936710200007],[121.70878048700013,16.67885901000011],[121.708653464,16.678173086000015],[121.70885670100017,16.67774120700011],[121.70857725000008,16.677487161000045],[121.70806915800017,16.677487161000045],[121.70766268400007,16.677487161000045],[121.70756106500005,16.67720771000006],[121.70705297300015,16.67713149700006],[121.70674811800006,16.67680123700012],[121.70634164400019,16.676089907000062],[121.70596057500018,16.675607220000188],[121.70560491000015,16.675175341000056],[121.70532546000015,16.674641845000167],[121.70491898600005,16.67438779800017],[121.70491898600005,16.674006728999984],[121.70502060400008,16.673422423000147],[121.70474115400009,16.673320805000117],[121.70469034400003,16.672965140000088],[121.70481736700015,16.672558665999986],[121.70499520000033,16.67217759700003],[121.70524924600022,16.67184733700003],[121.7055286960001,16.67154248200012],[121.70613840700003,16.67111060299999],[121.70636704900005,16.67055170200001],[121.70651947600015,16.66986577700004],[121.70639245300003,16.66905283],[121.70649407200005,16.66796043200003],[121.70786592100012,16.667655576000016],[121.70913615100005,16.667680981000103],[121.710101527,16.66724910199997],[121.71076204700012,16.66707127000018],[121.71109230600018,16.666741010000067],[121.71137175700005,16.666105895000157],[121.71195606300012,16.666105895000157],[121.71264198800009,16.666334535999965],[121.71360736300016,16.666715606000082],[121.71421707400009,16.666868033000185],[121.71505542600016,16.666359941000053],[121.71556351800007,16.666131300000018],[121.71693536700002,16.666563178000047],[121.71805317000019,16.66694424700006],[121.71858666700007,16.66717288899997],[121.7198823020002,16.66750314900014],[121.7209238910001,16.668062050000117],[121.7215844110001,16.668722570000057],[121.72229574000005,16.668951211000035],[121.72290545100009,16.669103639000014],[121.72354056600022,16.66925606700005],[121.7239724450003,16.67034846500019],[121.72445513200023,16.671136008000076],[121.73212732500008,16.673015949000103],[121.73222894400021,16.67395592000014],[121.7330418910002,16.673905111000124],[121.73372781600006,16.67382889700002],[121.73360079300005,16.674336989000153],[121.7332959370001,16.674794272000042],[121.73278784500019,16.674743463000027],[121.7323559670001,16.674692654000182],[121.73245758500002,16.675175341000056],[121.73212732500008,16.675505601000054],[121.7318478740001,16.6759120750001],[121.73202570700016,16.676293144000113],[121.73161923300006,16.67664880900014],[121.73126356800003,16.676852046000135],[121.73060304800015,16.67687745000012],[121.73042521600019,16.677156901000046],[121.73093330800009,16.67753797000006],[121.73121275900007,16.677944444000104],[121.73121275900007,16.678249299000015],[121.73100952200002,16.678452536000066],[121.73052683500009,16.678274704000103],[121.72986631500021,16.678325513000118],[121.72953605500004,16.67852875000017],[121.72978814000021,16.678881702000012],[121.73028113100008,16.67879753300008],[121.7306298320002,16.67879753300008],[121.73083424200024,16.679013968000163],[121.73094246000016,16.67927850000018],[121.73082221800018,16.679518983000094],[121.73052161400017,16.679579104000027],[121.72990838200019,16.679518983000094],[121.72963182600006,16.679518983000094],[121.72966307800016,16.679976813000167],[121.73019657500015,16.68038328700004],[121.73001874200008,16.680942188000188],[121.72968848200014,16.68162811300016],[121.73032359800027,16.681755136000106],[121.73106033200008,16.682314037000083],[121.7303998120002,16.682542679000164],[121.73001874200008,16.683126985],[121.730628453,16.683990742000162],[121.73139059100004,16.68454964300014],[121.73220353900012,16.68487990300008],[121.7318478740001,16.68523556800011],[121.73139059100004,16.68541340000013],[121.73149221000017,16.68597230100005],[121.7315684240001,16.68640418000018],[121.73108573600007,16.686886867000055],[121.73141599600024,16.687369555000032],[121.73212732500008,16.687572792000083],[121.73248299000011,16.687776029000077],[121.73240677600018,16.688207907000105],[121.73245758500002,16.688563572000135],[121.73205111100015,16.688893832000133],[121.73266082200007,16.689071664000096],[121.73349917400014,16.688690595000082],[121.7332959370001,16.68945273300011],[121.73382943400009,16.689351115000022],[121.73385483900017,16.690087849000065],[121.73469319100002,16.690087849000065],[121.73517587900005,16.690164062000065],[121.73535371100002,16.690722964000145],[121.73530290200017,16.691561316000048],[121.72887553500027,16.69199319500018]]]}},{"type":"Feature","properties":{"adm4_name":"Bacradal","adm4_pcode":"PH0203112006"},"geometry":{"type":"Polygon","coordinates":[[[121.69454370200015,16.640103331000034],[121.6944281110001,16.64041157400004],[121.68522475800023,16.63646855500002],[121.67747842300025,16.62876997600017],[121.67746708500022,16.628758708000078],[121.67854246600007,16.625622180000107],[121.67916977200014,16.62118623400005],[121.67984188500009,16.61961796999998],[121.68077575700022,16.619456064000076],[121.68333687300003,16.619259509000074],[121.68481552200012,16.618452974000036],[121.68674224600034,16.616257404000123],[121.69675718400015,16.62053022300006],[121.70430596200015,16.621586407000052],[121.70248097300009,16.625346172000036],[121.69936000700011,16.62723416299997],[121.69747201600012,16.629237746000115],[121.69681699800014,16.630123946000083],[121.69646096000031,16.63089807500012],[121.69593079800018,16.631780755000136],[121.69562255400001,16.633861399000125],[121.69569961500008,16.634747599000093],[121.69577667600004,16.635325556000055],[121.6956610850001,16.636404408000146],[121.69519871900002,16.63709795600016],[121.69512165900005,16.638099748000116],[121.69573814600005,16.63844652199998],[121.69550696300018,16.63917859999998],[121.69519871900002,16.63948684400009],[121.69454370200015,16.640103331000034]]]}},{"type":"Feature","properties":{"adm4_name":"Benguet","adm4_pcode":"PH0203112007"},"geometry":{"type":"Polygon","coordinates":[[[121.9018858930001,16.645406944],[121.8923496430001,16.658838282000033],[121.88718614400022,16.655071821999968],[121.87818218500013,16.652694015000122],[121.86928459100022,16.653209977000017],[121.86721466700021,16.650357470000188],[121.86566050600015,16.64664420700018],[121.86500375800017,16.64521682100019],[121.86456291500019,16.644382847000088],[121.86104856600014,16.642659930000093],[121.85861645700004,16.640657597000086],[121.85836636500017,16.638482618000126],[121.85617556000011,16.637402480000105],[121.8510632990002,16.626573230000133],[121.84627744800002,16.61896109600019],[121.85754412000006,16.615494121000097],[121.86942906700006,16.61204818900012],[121.88166564000016,16.610290061000114],[121.88654052200002,16.608585300000186],[121.88884452100001,16.608760274000076],[121.90074664400004,16.626534108000044],[121.90124965600012,16.62825],[121.901554701,16.634305629000153],[121.90242314700015,16.638624119000042],[121.90198137000004,16.64210219100005],[121.9018858930001,16.645406944]]]}},{"type":"Feature","properties":{"adm4_name":"Buneg","adm4_pcode":"PH0203112008"},"geometry":{"type":"Polygon","coordinates":[[[121.64231654500009,16.721098154],[121.64122149800016,16.721435994000103],[121.64072267700021,16.720727143000147],[121.64009258700014,16.72041209800011],[121.64001382600009,16.719729501000188],[121.64030261700009,16.718915634999973],[121.64067016900015,16.718443068000056],[121.64143152800011,16.717891739000038],[121.64216663200023,16.71728790300017],[121.64224539400016,16.71663156000011],[121.64216663200023,16.715476395],[121.642297901,16.714163708],[121.64253418500016,16.71279851300011],[121.64284923000002,16.712089661999983],[121.64326929000015,16.711485826000114],[121.64387312600002,16.711328304000062],[121.6440569020001,16.710514438000075],[121.64389937900012,16.709543049000047],[121.64311176700016,16.70833537700014],[121.642297901,16.707206466000116],[121.64082769200013,16.70699643600011],[121.63900544500007,16.707528],[121.64173254900004,16.70324603100005],[121.64484451400006,16.698332702000016],[121.64650302500013,16.698758523000038],[121.64924678600005,16.698774742000012],[121.65053337300014,16.69896444000011],[121.65765219700029,16.702040526000076],[121.65914187600004,16.70321548400011],[121.65975033600012,16.705061847000024],[121.65998113200021,16.706845266000073],[121.66245693700012,16.708313962999966],[121.65382613700012,16.715333507000082],[121.65370964700003,16.716207182000176],[121.6536085150002,16.718170253000153],[121.65184580800008,16.717284713000083],[121.64231654500009,16.721098154]]]}},{"type":"Feature","properties":{"adm4_name":"Busilelao","adm4_pcode":"PH0203112009"},"geometry":{"type":"Polygon","coordinates":[[[121.6826893550001,16.696783468000092],[121.6811250180001,16.696834638000098],[121.68162702500001,16.69383616700003],[121.68362927800001,16.689374792000137],[121.68384200800017,16.686723875999974],[121.68406287600033,16.68405582200006],[121.6848214050001,16.682458918000066],[121.6878992180001,16.673062497000046],[121.6856427890001,16.67031819200008],[121.69296809000014,16.665204196000047],[121.69646194300014,16.660059037000053],[121.70017616100017,16.657181826000112],[121.70242561700013,16.65430461500017],[121.70880779400011,16.653781486000128],[121.71335901800012,16.65399073800006],[121.71360736300016,16.666715606000082],[121.71264198800009,16.666334535999965],[121.71195606300012,16.666105895000157],[121.71137175700005,16.666105895000157],[121.71109230600018,16.666741010000067],[121.71076204700012,16.66707127000018],[121.710101527,16.66724910199997],[121.70913615100005,16.667680981000103],[121.70786592100012,16.667655576000016],[121.70649407200005,16.66796043200003],[121.70639245300003,16.66905283],[121.70651947600015,16.66986577700004],[121.70636704900005,16.67055170200001],[121.70613840700003,16.67111060299999],[121.7055286960001,16.67154248200012],[121.70524924600022,16.67184733700003],[121.70499520000033,16.67217759700003],[121.70481736700015,16.672558665999986],[121.70469034400003,16.672965140000088],[121.70474115400009,16.673320805000117],[121.70502060400008,16.673422423000147],[121.70491898600005,16.674006728999984],[121.70491898600005,16.67438779800017],[121.70532546000015,16.674641845000167],[121.70560491000015,16.675175341000056],[121.70596057500018,16.675607220000188],[121.70634164400019,16.676089907000062],[121.70674811800006,16.67680123700012],[121.70705297300015,16.67713149700006],[121.70756106500005,16.67720771000006],[121.70766268400007,16.677487161000045],[121.70806915800017,16.677487161000045],[121.70857725000008,16.677487161000045],[121.70885670100017,16.67774120700011],[121.708653464,16.678173086000015],[121.70493663700006,16.678839378000077],[121.70179786200015,16.678891691000047],[121.69780001800007,16.681443364000074],[121.69748802100014,16.682024813000112],[121.69734620400004,16.682521172000065],[121.69754474800027,16.682974986000147],[121.69828219500027,16.683783342000083],[121.69856582900013,16.68462006100009],[121.69867928200017,16.68557023300002],[121.69858001000011,16.685882230000175],[121.69823965000023,16.686378589000128],[121.69867928200017,16.686676403999968],[121.69899127900032,16.68697422000008],[121.69889200700015,16.687754212000186],[121.69875019000006,16.68829311600018],[121.69823965000023,16.688647658000036],[121.69821128700005,16.688846201],[121.69938836600022,16.688945473000047],[121.69954436500007,16.689569467000183],[121.69914727800017,16.690165097999966],[121.69884946200023,16.690363641000147],[121.69833892200006,16.69029273300015],[121.69802692500014,16.69051964],[121.69787092600006,16.69124290500008],[121.69801274300005,16.69156908400015],[121.69829637700002,16.691866899],[121.69829637700002,16.692249805000074],[121.69795601600003,16.692221441000015],[121.69745965800018,16.692334894999988],[121.69733202200007,16.692689437000013],[121.69680952700014,16.693131471000186],[121.6961454740001,16.693474443000127],[121.69497061200013,16.693562011000097],[121.69427737000012,16.6939633610001],[121.69313899400004,16.693992550000132],[121.69341629000007,16.695554169000104],[121.69231232400011,16.696311310000112],[121.68605189300001,16.69661931400003],[121.6826893550001,16.696783468000092]]]}},{"type":"Feature","properties":{"adm4_name":"Caniguing","adm4_pcode":"PH0203112010"},"geometry":{"type":"Polygon","coordinates":[[[121.73934547300007,16.677691932000187],[121.73791896500018,16.678959939000038],[121.73494707300006,16.678920314000038],[121.73100952200002,16.678452536000066],[121.73121275900007,16.678249299000015],[121.73121275900007,16.677944444000104],[121.73093330800009,16.67753797000006],[121.73042521600019,16.677156901000046],[121.73060304800015,16.67687745000012],[121.73126356800003,16.676852046000135],[121.73161923300006,16.67664880900014],[121.73202570700016,16.676293144000113],[121.7318478740001,16.6759120750001],[121.73212732500008,16.675505601000054],[121.73245758500002,16.675175341000056],[121.7323559670001,16.674692654000182],[121.73278784500019,16.674743463000027],[121.7332959370001,16.674794272000042],[121.73360079300005,16.674336989000153],[121.73372781600006,16.67382889700002],[121.7330418910002,16.673905111000124],[121.73222894400021,16.67395592000014],[121.73212732500008,16.673015949000103],[121.72445513200023,16.671136008000076],[121.7239724450003,16.67034846500019],[121.72354056600022,16.66925606700005],[121.72290545100009,16.669103639000014],[121.72229574000005,16.668951211000035],[121.7215844110001,16.668722570000057],[121.7209238910001,16.668062050000117],[121.7198823020002,16.66750314900014],[121.71858666700007,16.66717288899997],[121.71805317000019,16.66694424700006],[121.71693536700002,16.666563178000047],[121.71556351800007,16.666131300000018],[121.71505542600016,16.666359941000053],[121.71421707400009,16.666868033000185],[121.71360736300016,16.666715606000082],[121.71335901800012,16.65399073800006],[121.71754405200022,16.652316724000116],[121.71938243800003,16.65139984900003],[121.71878007100008,16.650646891000065],[121.71885536700006,16.650315590000105],[121.71912643200005,16.649924052000188],[121.71927702300013,16.64929156800008],[121.71843371100033,16.64793624400005],[121.71835841500001,16.646821867000142],[121.71816264600022,16.646068909000178],[121.71771087200011,16.645571957000072],[121.71756028000027,16.64525571500002],[121.7272890600002,16.639108260000057],[121.72763921900014,16.63935837300005],[121.72800188400004,16.639520947000165],[121.72828951400004,16.639633497999966],[121.72862716700001,16.639270834000172],[121.7294525420001,16.639245822000078],[121.72933999100019,16.638908169000103],[121.72935249600005,16.638733090000073],[121.72969014900002,16.638845641000103],[121.72999028600009,16.638858146000132],[121.73000279100006,16.638482975999977],[121.73010283700023,16.638357920000146],[121.73025290500004,16.63847047100012],[121.73027791600009,16.638845641000103],[121.73037796100004,16.63925832800004],[121.73061556900018,16.63928333900003],[121.73075313200013,16.638995709000085],[121.73094071700007,16.63874559500016],[121.73127837000004,16.63864555000015],[121.73152848300003,16.638457965000157],[121.73164103400006,16.63805778300008],[121.73170356300011,16.637620085000094],[121.73164103400006,16.637269925999988],[121.73111579600027,16.637132363999967],[121.73066559200015,16.637057330000175],[121.7306405810001,16.63674468800008],[121.73070310900016,16.636507080000115],[121.73065308600019,16.636319495000123],[121.730390467,16.63626947199998],[121.73031543300021,16.636019358999988],[121.730390467,16.635544143000118],[121.73020288200007,16.635106445000133],[121.72984021800005,16.63494387100019],[121.72964012700015,16.634743780000065],[121.72975267800007,16.634518678000063],[121.72994026300012,16.634468656000024],[121.73019037600011,16.634318588000042],[121.7304029730002,16.634093486000097],[121.7304404900002,16.63369330400019],[121.73049051200007,16.633393168000055],[121.73071561500012,16.633180572000015],[121.73102732000007,16.633439199],[121.73139092100007,16.633143055000062],[121.73174108,16.633293123000044],[121.73197112800017,16.63324731500012],[121.73256025800003,16.633431417999986],[121.73256946300023,16.633854855000152],[121.73324143900004,16.633854855000152],[121.73361693000027,16.6339059],[121.73419219100003,16.633580753000047],[121.73467991200016,16.63308052600013],[121.73504257700006,16.63301799800007],[121.73534271300002,16.633205583000063],[121.73545526400017,16.633968429000106],[121.73613057000023,16.63348070799998],[121.73668082000029,16.633430685000064],[121.73679337100009,16.633205583000063],[121.73623061600017,16.633205583000063],[121.73616808700001,16.632992986000147],[121.73628063800004,16.632742873000154],[121.73664330300016,16.632667839000135],[121.73685589900015,16.632830413000136],[121.73703097900022,16.632617816],[121.73646822400008,16.63248025400003],[121.73639318900007,16.632180118000065],[121.73626813300018,16.631955016000063],[121.73619309900016,16.6316548800001],[121.73663079700032,16.6317174080001],[121.73700596700007,16.632055061000074],[121.7372435750001,16.63180494800008],[121.74202753600002,16.63244860800006],[121.74460936900005,16.63258246200013],[121.74790740800017,16.632711102000087],[121.75310479500001,16.634916054000087],[121.75425977000009,16.638170983],[121.75620934100004,16.64105948700012],[121.76344029800032,16.64554746200008],[121.75857176700015,16.656162456000175],[121.7553792870001,16.661270424],[121.75593797100032,16.664622527000176],[121.75282530400011,16.665819707000082],[121.7512348060003,16.669043815000066],[121.7507707330002,16.676344163000124],[121.74453637800013,16.678207059999977],[121.74235699000008,16.678048559000104],[121.73934547300007,16.677691932000187]]]}},{"type":"Feature","properties":{"adm4_name":"Carulay","adm4_pcode":"PH0203112011"},"geometry":{"type":"Polygon","coordinates":[[[121.71346598700018,16.723924977000024],[121.7108597790002,16.72633669200019],[121.70817577300011,16.725208632000147],[121.70755339500022,16.723769382000057],[121.70634753700006,16.722485728000095],[121.7051502400002,16.721679991000087],[121.70466991100011,16.71955203300007],[121.70397388100014,16.717274117000045],[121.70334112700016,16.716514812000014],[121.70135038200021,16.716272282000034],[121.70228888100019,16.714728735000165],[121.70251863600004,16.714344933000177],[121.70298483700003,16.712097424000092],[121.70327187200007,16.71194951500007],[121.70786407100013,16.712023965000185],[121.7096364060003,16.712067909999973],[121.7117940600001,16.71216102900013],[121.71567482000023,16.717441898000175],[121.71663447500032,16.71874777800008],[121.71586500800015,16.720002435000026],[121.71346598700018,16.723924977000024]]]}},{"type":"Feature","properties":{"adm4_name":"Castillo","adm4_pcode":"PH0203112012"},"geometry":{"type":"Polygon","coordinates":[[[121.69543812600023,16.74289668600011],[121.69521653900028,16.744281603000047],[121.69188248400008,16.74151266399997],[121.6875629250003,16.740450003999968],[121.6864580780001,16.732205505000024],[121.68619767500013,16.728517629000066],[121.68854666500033,16.727325733000043],[121.68898282700002,16.72710442200014],[121.68928481000023,16.72742368500019],[121.6898840790002,16.72828236099997],[121.68999436800016,16.72902286900012],[121.69009131000018,16.729407949],[121.69012888100019,16.729613224000047],[121.69020165600023,16.7300442130001],[121.69026221100034,16.730377842000053],[121.69056478400012,16.731885166000097],[121.69374954500006,16.73118690300015],[121.69389009000008,16.731224742000165],[121.69399820100023,16.73115987500006],[121.6941982080001,16.731257175999986],[121.69437659200003,16.731467993000138],[121.6944630810001,16.73156529400012],[121.6945657870001,16.731576104999988],[121.69471714300005,16.731619349000027],[121.694873905,16.73171124400011],[121.69503607200022,16.73166259400017],[121.69516040100007,16.731673405000095],[121.6952036450001,16.73176530000012],[121.69524689000002,16.731927467000105],[121.69537121800022,16.73200314500002],[121.69544689600025,16.731932873000062],[121.69564690300001,16.732051796],[121.6958036640001,16.732008551000092],[121.695982049,16.732073418000027],[121.69615502700015,16.73214369100009],[121.69630638300009,16.73226801900006],[121.69650098400007,16.732359914000142],[121.69662531200004,16.732473431000187],[121.69666315100005,16.732619381000177],[121.69664152900009,16.732803171000114],[121.69658206800023,16.733003177000114],[121.6965766620001,16.733100478000097],[121.69648476700002,16.733176156000127],[121.69639287200005,16.73307885500003],[121.69629016600004,16.732954527],[121.69621989400025,16.732884255000045],[121.69609556600005,16.732884255000045],[121.69591718200013,16.73295993300013],[121.6957387980001,16.733176156000127],[121.69558203600002,16.73331670100015],[121.69550095200009,16.733500491000086],[121.69541446300013,16.73351670699998],[121.69532797400018,16.73346805700004],[121.69525770100017,16.73341400100003],[121.69511175000002,16.733381568000084],[121.69497120500023,16.73356535700009],[121.69492796100008,16.733824825000113],[121.69477119900023,16.73394374800006],[121.69431713100016,16.73424105500004],[121.69416577400011,16.734408628000153],[121.69409009600008,16.734462683000118],[121.69407928500016,16.734522145000028],[121.69413874600002,16.734603228000083],[121.69427388600002,16.734630256],[121.69440362000012,16.734727556999985],[121.69441443100004,16.734846479000055],[121.69447389200002,16.734916752000117],[121.69450092000011,16.735019458000068],[121.6944630810001,16.735089730000027],[121.6943657810001,16.735078919000102],[121.6942306410001,16.73506270300004],[121.69406847400023,16.735035675000063],[121.69397117400001,16.73506270300004],[121.69402522900009,16.73523568100012],[121.69409550200021,16.735414065000157],[121.69421983000018,16.735538393000127],[121.69440362000012,16.735565421000047],[121.69461984300017,16.735646504999977],[121.69468471000005,16.735797861000094],[121.69454957000005,16.73583570000011],[121.69414415200015,16.735916784000096],[121.69377116700002,16.735965434000036],[121.69319277000011,16.736376258000064],[121.69312790300012,16.736451936000094],[121.69314412000017,16.736700593000023],[121.69314412000017,16.7370087110001],[121.6930197920002,16.737370884000143],[121.6930197920002,16.73773305800006],[121.69313871500015,16.737911442000097],[121.69325223200008,16.73820334300018],[121.6933549380002,16.73835469900007],[121.69351710500018,16.738516866999987],[121.69369548900022,16.73867903400003],[121.69383062900022,16.738824985000065],[121.69387387300003,16.738960124000187],[121.69384144000014,16.739116885999977],[121.69388468400018,16.739241214000174],[121.69402522900009,16.739246620000074],[121.69409550200021,16.739165536000087],[121.69418199100016,16.739106075000052],[121.69427929100004,16.73912769700007],[121.69434956400005,16.739197970000134],[121.69440362000012,16.739289864000114],[121.69452254200019,16.7393385150001],[121.69456038200008,16.739327704],[121.69464146500013,16.739241214000174],[121.6946955210002,16.73914931900009],[121.69484687700003,16.739057425000112],[121.69492255500029,16.739003369000102],[121.6950306670002,16.738889852000057],[121.69516580600009,16.738889852000057],[121.69522526800006,16.738873635],[121.69542527400006,16.738895257000024],[121.69559284700017,16.738981747000082],[121.6955387910001,16.739143914000124],[121.69545230200004,16.73936013700012],[121.69547392400023,16.73945203200003],[121.69559284700017,16.739462843000126],[121.69578204200013,16.73950068200014],[121.69612799900005,16.739592577],[121.69629557200017,16.739776366],[121.69640368400019,16.739922317000094],[121.69628476100002,16.740041240000096],[121.69617664900011,16.740019616999973],[121.69597123700021,16.73999799500018],[121.69574960900002,16.739987184000086],[121.69555500800016,16.739943939000113],[121.6953333790002,16.73995475100014],[121.69505769500029,16.74013313500012],[121.6949982330002,16.740387197000018],[121.69501985600004,16.74057639200015],[121.69512796700008,16.74070072000012],[121.69524689000002,16.740716937000116],[121.6954036520001,16.74080342600007],[121.6953387850001,16.740998027000103],[121.69521986200016,16.741398040000092],[121.69525770100017,16.74162507400007],[121.69539824600031,16.741792647000125],[121.69555500800016,16.741911570000127],[121.69571177000012,16.741884542000037],[121.69571717500014,16.741808864000177],[121.69569014700005,16.741711563000024],[121.6956685250002,16.741598046000092],[121.6957333920002,16.741538585000058],[121.6958739370001,16.741598046000092],[121.69598661700002,16.741640965000045],[121.6960016380001,16.741836239],[121.69586644800017,16.74217421500009],[121.69580636300009,16.742339448000166],[121.69543812600023,16.74289668600011]]]}},{"type":"Feature","properties":{"adm4_name":"Dammang East","adm4_pcode":"PH0203112013"},"geometry":{"type":"Polygon","coordinates":[[[121.68162702500001,16.69383616700003],[121.6811250180001,16.696834638000098],[121.67938834700021,16.696726096000134],[121.67750243100011,16.69633263200012],[121.67549440500022,16.695572838000146],[121.673634665,16.695658757000047],[121.67203809300008,16.695636166000043],[121.6722722840002,16.691431064000085],[121.67238404300008,16.690809285000057],[121.67242988600003,16.690243142000043],[121.67245173600008,16.690254947000028],[121.67259876000003,16.690259847999982],[121.6726342090002,16.690255431000082],[121.67316524500006,16.689722673000063],[121.67378935800014,16.689400429000045],[121.6739718560001,16.689040035000062],[121.67517159300019,16.688440813000057],[121.677057364,16.685137043000054],[121.67773224900009,16.68534325800016],[121.67850086800001,16.68609313100012],[121.68162759800009,16.686411255000166],[121.68384200800017,16.686723875999974],[121.68362927800001,16.689374792000137],[121.68162702500001,16.69383616700003]]]}},{"type":"Feature","properties":{"adm4_name":"Dammang West","adm4_pcode":"PH0203112014"},"geometry":{"type":"Polygon","coordinates":[[[121.66744800900005,16.69541129099997],[121.66525616600018,16.695658757000047],[121.66288756000017,16.694951711000158],[121.66030684100019,16.693855789000054],[121.657902884,16.69201746800013],[121.65652414300007,16.690214499999968],[121.65774328000009,16.68726010100005],[121.66983527900004,16.682753082999966],[121.66892820300018,16.677923589999978],[121.66966435800009,16.675885289000178],[121.68087591900019,16.665498155000137],[121.68515491300002,16.668549640000094],[121.6856427890001,16.67031819200008],[121.6878992180001,16.673062497000046],[121.6848214050001,16.682458918000066],[121.68406287600033,16.68405582200006],[121.68384200800017,16.686723875999974],[121.68162759800009,16.686411255000166],[121.67850086800001,16.68609313100012],[121.67773224900009,16.68534325800016],[121.677057364,16.685137043000054],[121.67517159300019,16.688440813000057],[121.6739718560001,16.689040035000062],[121.67378935800014,16.689400429000045],[121.67316524500006,16.689722673000063],[121.6726342090002,16.690255431000082],[121.67259876000003,16.690259847999982],[121.67245173600008,16.690254947000028],[121.67242988600003,16.690243142000043],[121.67238404300008,16.690809285000057],[121.6722722840002,16.691431064000085],[121.67203809300008,16.695636166000043],[121.6699933760001,16.695163825000122],[121.66744800900005,16.69541129099997]]]}},{"type":"Feature","properties":{"adm4_name":"Dicaraoyan","adm4_pcode":"PH0203112015"},"geometry":{"type":"Polygon","coordinates":[[[121.84859394500018,16.68967168900008],[121.84300390400006,16.69183216300013],[121.84261025100011,16.691382737000083],[121.84030367500009,16.688749385000165],[121.84052330500015,16.688508542000022],[121.84077498500017,16.68780654900013],[121.84065948200009,16.687535246000152],[121.84053640900015,16.68742021900016],[121.8405666750001,16.68716861200005],[121.84037251200016,16.68647944500009],[121.84028463200002,16.68612435400013],[121.84054852700024,16.68583201600012],[121.84101876900024,16.685679933000017],[121.84162230900006,16.685948972000176],[121.84214297700021,16.685684239000068],[121.84210866700005,16.685211605],[121.84190370600004,16.684776862000035],[121.84186034400011,16.684646540000074],[121.8418665480001,16.68463718600003],[121.84218521900016,16.684589605000042],[121.84242904200016,16.684883750000154],[121.84270606500002,16.68513729199998],[121.84272115400017,16.685273003000134],[121.84274957800005,16.685411976000182],[121.84294325700012,16.685542618000113],[121.84311756100021,16.685516856000163],[121.84316578000016,16.685390393999967],[121.84337139200011,16.685360871000114],[121.84346903700009,16.68551039700003],[121.84348838300014,16.685745780000047],[121.84372393600017,16.685836461],[121.84393193500023,16.68584522900005],[121.84411515900013,16.685673631000043],[121.84410005400002,16.68545976700011],[121.84399984000004,16.6851264390001],[121.84383982500003,16.684588968000128],[121.84371973500004,16.68410955900015],[121.84317699700011,16.683180970000137],[121.84209988800012,16.680892112000095],[121.84008030700022,16.679707291000057],[121.84128550600019,16.676900357000136],[121.84234559900005,16.676169033],[121.84391433300004,16.676296657000137],[121.84500216600009,16.676045772000066],[121.84713362600019,16.674271829000077],[121.8495617750001,16.67544513000007],[121.8525386120001,16.673650354000074],[121.86571044100003,16.666911074999973],[121.86502241800008,16.670729981000136],[121.86570586300002,16.67439604100008],[121.86553720100017,16.676495334000094],[121.86308869500022,16.68199283500013],[121.86082240300016,16.68361104100012],[121.85923630300033,16.684489572000075],[121.85593793100008,16.68591162900003],[121.85185890700006,16.687983942000187],[121.84859394500018,16.68967168900008]]]}},{"type":"Feature","properties":{"adm4_name":"Dugayong","adm4_pcode":"PH0203112016"},"geometry":{"type":"Polygon","coordinates":[[[121.7149996490001,16.705677226000034],[121.7117940600001,16.71216102900013],[121.7096364060003,16.712067909999973],[121.70786407100013,16.712023965000185],[121.70327187200007,16.71194951500007],[121.70149409800001,16.70947837500006],[121.70092491000003,16.707913109],[121.69894814300017,16.707298128000048],[121.69900131800023,16.704210671000112],[121.69916215100011,16.70271493200005],[121.69956884500016,16.70125636500012],[121.7051298790002,16.702459945000044],[121.70675202200005,16.699381847999973],[121.70733886800008,16.699546130999977],[121.70738518600001,16.699673506000124],[121.70731570900023,16.700275641000133],[121.70846208100022,16.70065776500013],[121.70918001100029,16.700981991000106],[121.7093884420002,16.70091251400015],[121.71097483600022,16.7021283630001],[121.7116827750001,16.70283622900007],[121.7119132710003,16.703127381000172],[121.71197392800013,16.7035034540001],[121.71334477200003,16.704364780000162],[121.71327198400002,16.704571013000077],[121.71410904800018,16.70517758200009],[121.7149996490001,16.705677226000034]]]}},{"type":"Feature","properties":{"adm4_name":"Fugu","adm4_pcode":"PH0203112017"},"geometry":{"type":"Polygon","coordinates":[[[121.66390764000016,16.735738115000117],[121.6635109240002,16.735928060000106],[121.66274956600012,16.73561301500007],[121.66227699900014,16.73521920899998],[121.66240826700016,16.734825403000116],[121.66116962500018,16.733508269000026],[121.65996666900014,16.73277761100013],[121.65910029600013,16.731884983000157],[121.65702625000006,16.73141241600007],[121.6559498470001,16.73117613200003],[121.65432211500013,16.73096610200008],[121.6533507260001,16.731438670000102],[121.65253686000005,16.73251507300006],[121.6512126250002,16.732579395000073],[121.6504365610001,16.732567581000183],[121.64967520300002,16.732200028000022],[121.6488613370002,16.731464924000136],[121.64828383400004,16.730503813000098],[121.64712859000008,16.72841949000002],[121.6469973210003,16.7273168320001],[121.64665602200023,16.726476713000125],[121.64598657700003,16.725741846000176],[121.64450321500021,16.725032757000065],[121.6427704680001,16.72432390600011],[121.64193034900006,16.723536294000155],[121.64122149800016,16.721435994000103],[121.64231654500009,16.721098154],[121.65184580800008,16.717284713000083],[121.6536085150002,16.718170253000153],[121.6554625330001,16.720699086000025],[121.65639447900014,16.721872525000038],[121.65720798400002,16.722742976000063],[121.65790355400009,16.72378388200019],[121.65933056200015,16.724916803000042],[121.66055856600019,16.725568755000154],[121.66324456800021,16.726167700000076],[121.66467056700014,16.72618068900016],[121.66682256500019,16.726043683],[121.66821856700005,16.726468647],[121.6693625720003,16.727256591000184],[121.66759953600013,16.729794515000037],[121.66695386900005,16.730382991000056],[121.66640418900022,16.73129115900008],[121.66575094600012,16.73294816500004],[121.66390764000016,16.735738115000117]]]}},{"type":"Feature","properties":{"adm4_name":"Garit Norte","adm4_pcode":"PH0203112018"},"geometry":{"type":"Polygon","coordinates":[[[121.66308386400021,16.66899588100017],[121.65985811100006,16.67031939399999],[121.65770280700008,16.669162381000092],[121.65729763100012,16.668462532000035],[121.65627855200023,16.667910019000033],[121.65606982500015,16.66732067300012],[121.6559347660002,16.66684182800003],[121.65521416300021,16.665962507000188],[121.65511754400006,16.665871821000167],[121.65472234200013,16.665672631],[121.65420356000016,16.665245681000044],[121.65392116500016,16.665110622000157],[121.65356510100003,16.66474228000004],[121.65339320800024,16.664103821000083],[121.65318448100015,16.663465362000068],[121.65258285700008,16.663539031000028],[121.6519321190001,16.66339169400004],[121.65169883600004,16.66307246499997],[121.65203034400008,16.662728679000168],[121.65247235400011,16.66232350300004],[121.65248463200021,16.662016552000125],[121.65220409400013,16.661796687000106],[121.65151466600003,16.66215161000008],[121.65082709400019,16.66221300100011],[121.6505324210001,16.661930605],[121.65082709400019,16.661586820000082],[121.65112609000005,16.661156733000098],[121.65142871900014,16.660960639000052],[121.65123227000015,16.660764190000066],[121.65094987500015,16.660641409000107],[121.65070431400034,16.660383570000022],[121.65092531900007,16.66023623300015],[121.65092531900007,16.659966116000078],[121.6505560810001,16.65995381000016],[121.65012724500014,16.659352213000034],[121.6489485510001,16.658836534999978],[121.64808908700002,16.658787422000103],[121.64757340900019,16.659168042000147],[121.64730329200017,16.659180320000075],[121.64698406200023,16.65897159300016],[121.64676305700016,16.658603252000148],[121.64677533500003,16.658234910000033],[121.64713139900005,16.65813668500016],[121.6475488530001,16.658161241000073],[121.64767163300019,16.65779290000006],[121.64738923800019,16.657559617],[121.64750497100022,16.65739876800012],[121.64775758000007,16.657387724000102],[121.64805225300006,16.6574368360001],[121.64807680900014,16.657142163000117],[121.64802769700009,16.65687204500017],[121.64799086300013,16.656540538000172],[121.64802769700009,16.656221308000056],[121.64795402900006,16.655828410000026],[121.6476470770001,16.65547234700017],[121.64740151600006,16.655460069000014],[121.6471068430003,16.655165394999983],[121.64694722800016,16.65489527800014],[121.64665255500006,16.65506717100004],[121.64634560300021,16.654968946000167],[121.64446804700015,16.65489216000003],[121.64515894600004,16.653976339],[121.6461510470001,16.65294231700011],[121.65171583900008,16.651226279000014],[121.65678482600003,16.651683122000065],[121.66055754300021,16.651180294000028],[121.66121705100022,16.65258646600006],[121.6632157680001,16.65212089900018],[121.6641758180001,16.653390642000147],[121.6639590320001,16.655093955000098],[121.6635564310003,16.656208850999974],[121.6643306640002,16.657292778000055],[121.66629505100002,16.657443853000018],[121.6704690470001,16.65730483300007],[121.66895365200003,16.660572063000075],[121.66792307900016,16.66335013000014],[121.66626520000034,16.666262621000158],[121.66308386400021,16.66899588100017]]]}},{"type":"Feature","properties":{"adm4_name":"Garit Sur","adm4_pcode":"PH0203112019"},"geometry":{"type":"Polygon","coordinates":[[[121.6704690470001,16.65730483300007],[121.66629505100002,16.657443853000018],[121.6643306640002,16.657292778000055],[121.6635564310003,16.656208850999974],[121.6639590320001,16.655093955000098],[121.6641758180001,16.653390642000147],[121.6632157680001,16.65212089900018],[121.66121705100022,16.65258646600006],[121.66055754300021,16.651180294000028],[121.65678482600003,16.651683122000065],[121.65854831000013,16.646365114000048],[121.6619349,16.64697054300018],[121.67132845200024,16.645427114000086],[121.67110441400018,16.64851883400013],[121.67092518400011,16.649683830000015],[121.67061153100019,16.652909973000078],[121.67092518400011,16.65465746700005],[121.6704690470001,16.65730483300007]]]}},{"type":"Feature","properties":{"adm4_name":"Gucab","adm4_pcode":"PH0203112020"},"geometry":{"type":"Polygon","coordinates":[[[121.68982063400017,16.70802383000006],[121.68946643600032,16.708097112000075],[121.68917330600004,16.70792612000014],[121.68902674200001,16.70763299100014],[121.68892903200026,16.70736428900011],[121.68853819300034,16.707291006000162],[121.68826949100014,16.707486426000173],[121.68800078900028,16.70754749400004],[121.68778094200013,16.7074619980001],[121.6873046070001,16.707327647000056],[121.6869015540002,16.707291006000162],[121.6867783460001,16.707281947000013],[121.68607102100009,16.70722993800007],[121.68522827400011,16.707022304000134],[121.68462568500013,16.706861002000096],[121.68492352500004,16.705314707000127],[121.68495761900022,16.704581687000086],[121.68502496400004,16.70347184700006],[121.68312401800006,16.702518917000134],[121.68263923200016,16.70227182399998],[121.68226184100013,16.70225925900013],[121.67976888400017,16.703400069],[121.67880538600002,16.703260934000127],[121.67834726800015,16.703907139000023],[121.67738196700009,16.703364866000015],[121.6789741350002,16.70078873800003],[121.67842010900006,16.70062679200015],[121.67938834700021,16.696726096000134],[121.6811250180001,16.696834638000098],[121.6826893550001,16.696783468000092],[121.68605189300001,16.69661931400003],[121.69231232400011,16.696311310000112],[121.69341629000007,16.695554169000104],[121.69313899400004,16.693992550000132],[121.69427737000012,16.6939633610001],[121.69497061200013,16.693562011000097],[121.6961454740001,16.693474443000127],[121.69680952700014,16.693131471000186],[121.69733202200007,16.692689437000013],[121.6984397540001,16.692976851000026],[121.69819674900009,16.69639189300011],[121.69776559200011,16.698862753000128],[121.69810234800002,16.70090767900001],[121.69956884500016,16.70125636500012],[121.69916215100011,16.70271493200005],[121.69900131800023,16.704210671000112],[121.69894814300017,16.707298128000048],[121.69623283800013,16.707193297000174],[121.69595192300005,16.707132227999978],[121.69519467200018,16.70707115900018],[121.69464505400003,16.707132227999978],[121.69382673500002,16.707132227999978],[121.69288627800017,16.707303220000085],[121.69244658400021,16.70736428900011],[121.69182368400016,16.7074619980001],[121.6915305550001,16.707596349000085],[121.6912984940002,16.707437571000128],[121.69073666300017,16.707596349000085],[121.69018704500002,16.70775512800003],[121.69008933500004,16.707938334000062],[121.68982063400017,16.70802383000006]]]}},{"type":"Feature","properties":{"adm4_name":"Gumbauan","adm4_pcode":"PH0203112021"},"geometry":{"type":"Polygon","coordinates":[[[121.6743539260001,16.76019016700019],[121.67290814200021,16.761388684000167],[121.6719648180001,16.760188576000132],[121.67046180800014,16.75876967199997],[121.66982080500009,16.75826770700013],[121.66936280400012,16.758130719000178],[121.6682188000002,16.757443768000087],[121.66755479300002,16.75641583500004],[121.66774578400009,16.755338899000094],[121.66776878000007,16.754788932000167],[121.66808177000019,16.75339301500003],[121.66798276100008,16.752203088000044],[121.66779875300017,16.751173151000046],[121.6676767460001,16.750257208000164],[121.66803573800007,16.749182270000063],[121.66907717100003,16.748978394000062],[121.66995437000003,16.74949673900005],[121.67194800200002,16.750174574000084],[121.67298469200011,16.75001508400004],[121.67382201700002,16.74957648400016],[121.67418087100009,16.74873915800015],[121.67382201700002,16.74754297900006],[121.67246634700018,16.746825270999977],[121.67198787500001,16.745629091000126],[121.6721473660001,16.74375507600007],[121.67166889400016,16.742399406000175],[121.674765352,16.740236117000165],[121.67972040100017,16.740485652000075],[121.68381548000013,16.741469411000026],[121.6875629250003,16.740450003999968],[121.69188248400008,16.74151266399997],[121.687687116,16.74868411800003],[121.6873908230001,16.750906316000055],[121.68536615300025,16.753276660999973],[121.68395469100017,16.755118477000167],[121.68311291600003,16.755623543000183],[121.68264851900028,16.75585116400009],[121.6818114570001,16.756320708000032],[121.67748747200005,16.758380826000177],[121.67502111100032,16.75980492700012],[121.6743539260001,16.76019016700019]]]}},{"type":"Feature","properties":{"adm4_name":"Ipil","adm4_pcode":"PH0203112023"},"geometry":{"type":"Polygon","coordinates":[[[121.64173254900004,16.70324603100005],[121.63900544500007,16.707528],[121.63743032000002,16.707323097000085],[121.63708884600021,16.706782429999976],[121.63666200400007,16.705444992000025],[121.63577986400003,16.703993728],[121.63529610900025,16.702827026000136],[121.63518228500004,16.70126193800013],[121.63555221400009,16.700664359000143],[121.63623516200005,16.699810675000037],[121.63671891600029,16.698387868000168],[121.6367322660002,16.69816444500009],[121.63668487200016,16.696686527000168],[121.63597636200018,16.696201709000036],[121.6352133590002,16.695743742000047],[121.63404635400002,16.694944799000098],[121.63297035200014,16.6946008270001],[121.63218606700002,16.694208271000093],[121.63167333100023,16.691557021000108],[121.631963315,16.68952814200003],[121.63181830300027,16.687884242999985],[121.63244428700023,16.685812365000174],[121.63424427300026,16.684118454999975],[121.63543526900003,16.683628477000127],[121.63608327700001,16.684776402000182],[121.63648027900001,16.68510138000005],[121.63680373300008,16.68479097100004],[121.63739527100006,16.68419742800006],[121.63804425400019,16.68187556500004],[121.63759424200009,16.68033566200006],[121.64450828800011,16.680977245000122],[121.64356702200007,16.682252508000033],[121.64539039200031,16.686940435000054],[121.64772408400017,16.690967279000176],[121.64757228100007,16.697153647999983],[121.64667978600005,16.69814596500015],[121.64484451400006,16.698332702000016],[121.64173254900004,16.70324603100005]]]}},{"type":"Feature","properties":{"adm4_name":"Libertad","adm4_pcode":"PH0203112024"},"geometry":{"type":"Polygon","coordinates":[[[121.65297968000016,16.678730352000116],[121.64624034100007,16.681328496000162],[121.64450828800011,16.680977245000122],[121.63759424200009,16.68033566200006],[121.63692523000032,16.678646769000068],[121.63566221400026,16.676359917000184],[121.63467920000028,16.674377043999982],[121.633665188,16.67267315400005],[121.63287917800005,16.671232247000148],[121.63230716600015,16.669582352000134],[121.63187214700008,16.667066508000175],[121.62982713100018,16.664716665000128],[121.62797312100008,16.663190770000085],[121.62747796400004,16.660810038000136],[121.62862898600008,16.658891668000024],[121.62908939500005,16.657203503000062],[121.62889755800006,16.65528513300012],[121.63004996300015,16.65115471200005],[121.631923991,16.646214775000146],[121.63368699800026,16.647270698000057],[121.63457200300002,16.64810264200014],[121.63669401200002,16.649393547999978],[121.63952802200004,16.65108642600012],[121.64119502700021,16.6518903650001],[121.64278903700006,16.653414262000126],[121.64446804700015,16.65489216000003],[121.64634560300021,16.654968946000167],[121.64665255500006,16.65506717100004],[121.64694722800016,16.65489527800014],[121.6471068430003,16.655165394999983],[121.64740151600006,16.655460069000014],[121.6476470770001,16.65547234700017],[121.64795402900006,16.655828410000026],[121.64802769700009,16.656221308000056],[121.64799086300013,16.656540538000172],[121.64802769700009,16.65687204500017],[121.64807680900014,16.657142163000117],[121.64805225300006,16.6574368360001],[121.64775758000007,16.657387724000102],[121.64750497100022,16.65739876800012],[121.64738923800019,16.657559617],[121.64767163300019,16.65779290000006],[121.6475488530001,16.658161241000073],[121.64713139900005,16.65813668500016],[121.64677533500003,16.658234910000033],[121.64676305700016,16.658603252000148],[121.64698406200023,16.65897159300016],[121.64730329200017,16.659180320000075],[121.64757340900019,16.659168042000147],[121.64808908700002,16.658787422000103],[121.6489485510001,16.658836534999978],[121.65012724500014,16.659352213000034],[121.6505560810001,16.65995381000016],[121.65092531900007,16.659966116000078],[121.65092531900007,16.66023623300015],[121.65070431400034,16.660383570000022],[121.65094987500015,16.660641409000107],[121.65123227000015,16.660764190000066],[121.65142871900014,16.660960639000052],[121.65112609000005,16.661156733000098],[121.65082709400019,16.661586820000082],[121.6505324210001,16.661930605],[121.65082709400019,16.66221300100011],[121.65151466600003,16.66215161000008],[121.65220409400013,16.661796687000106],[121.65248463200021,16.662016552000125],[121.65247235400011,16.66232350300004],[121.65203034400008,16.662728679000168],[121.65169883600004,16.66307246499997],[121.6519321190001,16.66339169400004],[121.65258285700008,16.663539031000028],[121.65318448100015,16.663465362000068],[121.65339320800024,16.664103821000083],[121.65356510100003,16.66474228000004],[121.65392116500016,16.665110622000157],[121.65420356000016,16.665245681000044],[121.65472234200013,16.665672631],[121.65511754400006,16.665871821000167],[121.65521416300021,16.665962507000188],[121.6559347660002,16.66684182800003],[121.65606982500015,16.66732067300012],[121.65627855200023,16.667910019000033],[121.65729763100012,16.668462532000035],[121.65770280700008,16.669162381000092],[121.65985811100006,16.67031939399999],[121.6586431640003,16.671769036000057],[121.65683766200016,16.672323058000075],[121.6548639030002,16.67384823600014],[121.65441622700007,16.67396944100011],[121.65444522700011,16.675074359000064],[121.65375740200022,16.677466794000054],[121.65297968000016,16.678730352000116]]]}},{"type":"Feature","properties":{"adm4_name":"Mabbayad","adm4_pcode":"PH0203112025"},"geometry":{"type":"Polygon","coordinates":[[[121.84128550600019,16.676900357000136],[121.83937780300005,16.67729233200015],[121.83656151900004,16.674594724000087],[121.84031860400012,16.67113558900013],[121.84003155200003,16.66865262700003],[121.84045676100015,16.667662339000174],[121.84065833400018,16.665137962000074],[121.83942239500016,16.661668001000123],[121.8397638450001,16.657327400999975],[121.84394954100026,16.65189242100007],[121.84629343000017,16.644995],[121.84982789100013,16.64161712500004],[121.85234790800018,16.640294294000114],[121.85445427500008,16.638853274999974],[121.85617556000011,16.637402480000105],[121.85836636500017,16.638482618000126],[121.85861645700004,16.640657597000086],[121.86104856600014,16.642659930000093],[121.86456291500019,16.644382847000088],[121.86500375800017,16.64521682100019],[121.86566050600015,16.64664420700018],[121.86721466700021,16.650357470000188],[121.86928459100022,16.653209977000017],[121.86826438300022,16.663656436999986],[121.86571044100003,16.666911074999973],[121.8525386120001,16.673650354000074],[121.8495617750001,16.67544513000007],[121.84713362600019,16.674271829000077],[121.84500216600009,16.676045772000066],[121.84391433300004,16.676296657000137],[121.84234559900005,16.676169033],[121.84128550600019,16.676900357000136]]]}},{"type":"Feature","properties":{"adm4_name":"Mabuhay","adm4_pcode":"PH0203112026"},"geometry":{"type":"Polygon","coordinates":[[[121.72101888500003,16.72592674700013],[121.71879501100022,16.728428604999976],[121.7108597790002,16.72633669200019],[121.71346598700018,16.723924977000024],[121.71586500800015,16.720002435000026],[121.71663447500032,16.71874777800008],[121.7260574720001,16.719255682000153],[121.72649714700015,16.718881999000075],[121.72591835700007,16.720749291],[121.72400721500003,16.72266043200011],[121.72101888500003,16.72592674700013]]]}},{"type":"Feature","properties":{"adm4_name":"Madadamian","adm4_pcode":"PH0203112027"},"geometry":{"type":"Polygon","coordinates":[[[121.83942239500016,16.661668001000123],[121.83451293600012,16.663179154000034],[121.82843864600022,16.66192566900014],[121.82650488700017,16.66166918500005],[121.82578001600018,16.658662682000056],[121.82559358800017,16.654267559000118],[121.82239918200003,16.646623117],[121.8226464170001,16.639745483000127],[121.8260545200003,16.63240376699997],[121.83132989200021,16.62753207300011],[121.84627744800002,16.61896109600019],[121.8510632990002,16.626573230000133],[121.85617556000011,16.637402480000105],[121.85445427500008,16.638853274999974],[121.85234790800018,16.640294294000114],[121.84982789100013,16.64161712500004],[121.84629343000017,16.644995],[121.84394954100026,16.65189242100007],[121.8397638450001,16.657327400999975],[121.83942239500016,16.661668001000123]]]}},{"type":"Feature","properties":{"adm4_name":"Magleticia","adm4_pcode":"PH0203112028"},"geometry":{"type":"Polygon","coordinates":[[[121.80720760300028,16.695868444000098],[121.7992838460001,16.696692296000037],[121.7960042200001,16.692285109000125],[121.79741507400001,16.689609351000115],[121.79790157600007,16.684987587000137],[121.8060095190001,16.682328048999977],[121.81071303600015,16.68145295100004],[121.81182018800007,16.681277593000118],[121.82024141400018,16.680234029000133],[121.82675995200009,16.67940698000018],[121.831489368,16.67786863400005],[121.83656151900004,16.674594724000087],[121.83937780300005,16.67729233200015],[121.84128550600019,16.676900357000136],[121.84008030700022,16.679707291000057],[121.84209988800012,16.680892112000095],[121.84317699700011,16.683180970000137],[121.84371973500004,16.68410955900015],[121.84383982500003,16.684588968000128],[121.84399984000004,16.6851264390001],[121.84410005400002,16.68545976700011],[121.84411515900013,16.685673631000043],[121.84393193500023,16.68584522900005],[121.84372393600017,16.685836461],[121.84348838300014,16.685745780000047],[121.84346903700009,16.68551039700003],[121.84337139200011,16.685360871000114],[121.84316578000016,16.685390393999967],[121.84311756100021,16.685516856000163],[121.84294325700012,16.685542618000113],[121.84274957800005,16.685411976000182],[121.84272115400017,16.685273003000134],[121.84270606500002,16.68513729199998],[121.84242904200016,16.684883750000154],[121.84218521900016,16.684589605000042],[121.8418665480001,16.68463718600003],[121.84186034400011,16.684646540000074],[121.84190370600004,16.684776862000035],[121.84210866700005,16.685211605],[121.84214297700021,16.685684239000068],[121.84162230900006,16.685948972000176],[121.84101876900024,16.685679933000017],[121.84054852700024,16.68583201600012],[121.84028463200002,16.68612435400013],[121.84037251200016,16.68647944500009],[121.8405666750001,16.68716861200005],[121.84053640900015,16.68742021900016],[121.84065948200009,16.687535246000152],[121.84077498500017,16.68780654900013],[121.84052330500015,16.688508542000022],[121.84030367500009,16.688749385000165],[121.8391378360003,16.68915892800004],[121.83784530500009,16.68859344600014],[121.8362565680003,16.688835795000045],[121.833456855,16.69027688799997],[121.83042809600033,16.692063079000093],[121.82444823600008,16.69322798700017],[121.82219608200012,16.693383307999966],[121.81862369800012,16.693538629000102],[121.81705507800018,16.69421972700019],[121.81272150000007,16.696101426000155],[121.80720760300028,16.695868444000098]]]}},{"type":"Feature","properties":{"adm4_name":"Malibago","adm4_pcode":"PH0203112029"},"geometry":{"type":"Polygon","coordinates":[[[121.674765352,16.740236117000165],[121.67166889400016,16.742399406000175],[121.67107080400024,16.74140259000012],[121.66897366000012,16.738949885000125],[121.66725765100011,16.737577980000026],[121.66596764600024,16.736800036000147],[121.66431964300023,16.736230082000077],[121.6635109240002,16.735928060000106],[121.66390764000016,16.735738115000117],[121.66575094600012,16.73294816500004],[121.66640418900022,16.73129115900008],[121.66695386900005,16.730382991000056],[121.66759953600013,16.729794515000037],[121.6693625720003,16.727256591000184],[121.66821856700005,16.726468647],[121.67062818300008,16.7231278160001],[121.6747767610002,16.72647138200017],[121.67886925500022,16.727565886000093],[121.68196241900023,16.727898996000135],[121.68619767500013,16.728517629000066],[121.6864580780001,16.732205505000024],[121.6875629250003,16.740450003999968],[121.68381548000013,16.741469411000026],[121.67972040100017,16.740485652000075],[121.674765352,16.740236117000165]]]}},{"type":"Feature","properties":{"adm4_name":"Maligaya","adm4_pcode":"PH0203112030"},"geometry":{"type":"Polygon","coordinates":[[[121.65727752500004,16.698701875000097],[121.65765219700029,16.702040526000076],[121.65053337300014,16.69896444000011],[121.64924678600005,16.698774742000012],[121.64650302500013,16.698758523000038],[121.64484451400006,16.698332702000016],[121.64667978600005,16.69814596500015],[121.64757228100007,16.697153647999983],[121.64772408400017,16.690967279000176],[121.64539039200031,16.686940435000054],[121.64356702200007,16.682252508000033],[121.64450828800011,16.680977245000122],[121.64624034100007,16.681328496000162],[121.65297968000016,16.678730352000116],[121.65264568300029,16.680886155000053],[121.65364767500012,16.68358849800012],[121.65379949200008,16.68635156900018],[121.65461930400011,16.688811005000105],[121.65652414300007,16.690214499999968],[121.657902884,16.69201746800013],[121.65743863100022,16.69699660300006],[121.65727752500004,16.698701875000097]]]}},{"type":"Feature","properties":{"adm4_name":"Malitao","adm4_pcode":"PH0203112031"},"geometry":{"type":"Polygon","coordinates":[[[121.65774328000009,16.68726010100005],[121.65652414300007,16.690214499999968],[121.65461930400011,16.688811005000105],[121.65379949200008,16.68635156900018],[121.65364767500012,16.68358849800012],[121.65264568300029,16.680886155000053],[121.65297968000016,16.678730352000116],[121.65375740200022,16.677466794000054],[121.65444522700011,16.675074359000064],[121.65441622700007,16.67396944100011],[121.6548639030002,16.67384823600014],[121.65683766200016,16.672323058000075],[121.6586431640003,16.671769036000057],[121.65985811100006,16.67031939399999],[121.66308386400021,16.66899588100017],[121.66626520000034,16.666262621000158],[121.66792307900016,16.66335013000014],[121.66895365200003,16.660572063000075],[121.6729100780002,16.661620553000148],[121.67688488700003,16.663534742000138],[121.68087591900019,16.665498155000137],[121.66966435800009,16.675885289000178],[121.66892820300018,16.677923589999978],[121.66983527900004,16.682753082999966],[121.65774328000009,16.68726010100005]]]}},{"type":"Feature","properties":{"adm4_name":"Narra","adm4_pcode":"PH0203112032"},"geometry":{"type":"Polygon","coordinates":[[[121.79260722100003,16.700030609000123],[121.78300232200013,16.704935154999987],[121.78301827900009,16.699228502000096],[121.78301251400023,16.696994102000133],[121.7744391660002,16.693172323],[121.77473741100005,16.692787977000023],[121.77484361400002,16.692518383999982],[121.77468022500011,16.692354995000073],[121.77441063200013,16.692158927000037],[121.7743697850002,16.691881165000098],[121.7743779540001,16.691578894000088],[121.7742227340002,16.691464521000114],[121.77396948000023,16.691480860000127],[121.7736508700001,16.691562555000075],[121.77356100600002,16.691399165],[121.77363453100008,16.69115408099998],[121.77378158200008,16.69099886100014],[121.77386327700003,16.690639404000137],[121.77381426000034,16.6904433360001],[121.7736508700001,16.69039432000011],[121.77349565000009,16.690369811000153],[121.77320971900019,16.690361642000084],[121.7730463290003,16.690206422000188],[121.7730626680002,16.68991232000019],[121.7730790070002,16.689699914000016],[121.7728992780003,16.68965089700015],[121.77269811100007,16.68965089700015],[121.77267053300011,16.68965089700015],[121.77254799100012,16.68967540500006],[121.77238460100011,16.68967540500006],[121.77225388900013,16.689618219000124],[121.77226205900024,16.689446660000044],[121.77239277100023,16.689381304000165],[121.77248263500007,16.689250592000178],[121.77261334700017,16.689111711000123],[121.77259700800016,16.688964661000057],[121.77248263500007,16.68883394900007],[121.77227839800014,16.68883394900007],[121.77214768600015,16.688981],[121.77200063600003,16.689087203000042],[121.77182907700012,16.689111711000123],[121.77169019500002,16.689046355000073],[121.771820907,16.688842119000014],[121.77200880500004,16.688711407000028],[121.77208233000022,16.688588865000042],[121.77209050000022,16.688417306000133],[121.77200880500004,16.688311102000057],[121.77187809300005,16.688311102000057],[121.77162484000019,16.688368289000096],[121.77129806000016,16.68840913600019],[121.77111833200001,16.688196730000186],[121.77097945100002,16.688074187000097],[121.77088141700006,16.687910798000132],[121.77070985800003,16.687739239000052],[121.77045660400017,16.687355273000094],[121.77013799400027,16.68714286700009],[121.76984389300003,16.687020325000105],[121.76967233400012,16.686791578999987],[121.76954162200013,16.68647297000001],[121.76911680900002,16.68645663100017],[121.76896158900001,16.68671805400004],[121.76874918300007,16.686807918],[121.76861847100008,16.687036664000118],[121.76820182800009,16.686971308000068],[121.76804660800008,16.68681608800017],[121.76761362500008,16.686693545000082],[121.76745023600029,16.686423953000144],[121.76740938800015,16.685933783999985],[121.76719698200009,16.685590666000053],[121.76698457500004,16.685533479000185],[121.76676399900009,16.685435446000156],[121.76655159300014,16.68522303900005],[121.76650257600022,16.68496161600001],[121.7664617290003,16.68472470100005],[121.76612678000004,16.684602159000065],[121.76600423800005,16.68438158300006],[121.76602057700006,16.68412832900009],[121.7660695940001,16.683777041000155],[121.76585054500003,16.683597887000076],[121.766812619,16.681307464000042],[121.7675139700001,16.68029567500008],[121.77127738800004,16.679660792],[121.77589461200012,16.681313090000117],[121.77673906000007,16.681127724000078],[121.77758350700003,16.681292494000047],[121.77801602900013,16.6816220340001],[121.77964313400003,16.677605761000052],[121.77966373100003,16.67707025800007],[121.7802816190001,16.676061040000093],[121.78092010300008,16.675628518000167],[121.78106427700004,16.674784071000033],[121.78100248900012,16.6737542570001],[121.78632943000002,16.665145654000014],[121.79745864400002,16.665420546],[121.80411885700016,16.665401148],[121.80795364100004,16.664513149000186],[121.80978123600016,16.66671521900014],[121.81136517200014,16.668916956000146],[121.81385073300032,16.671683562000055],[121.81558557300002,16.675256795000053],[121.81182018800007,16.681277593000118],[121.81071303600015,16.68145295100004],[121.8060095190001,16.682328048999977],[121.79790157600007,16.684987587000137],[121.79741507400001,16.689609351000115],[121.7960042200001,16.692285109000125],[121.7992838460001,16.696692296000037],[121.79260722100003,16.700030609000123]]]}},{"type":"Feature","properties":{"adm4_name":"Nilumisu","adm4_pcode":"PH0203112033"},"geometry":{"type":"Polygon","coordinates":[[[121.75564896700007,16.631023687000038],[121.75310479500001,16.634916054000087],[121.74790740800017,16.632711102000087],[121.74460936900005,16.63258246200013],[121.74202753600002,16.63244860800006],[121.7372435750001,16.63180494800008],[121.73700596700007,16.632055061000074],[121.73663079700032,16.6317174080001],[121.73619309900016,16.6316548800001],[121.73626813300018,16.631955016000063],[121.73639318900007,16.632180118000065],[121.73646822400008,16.63248025400003],[121.73703097900022,16.632617816],[121.73685589900015,16.632830413000136],[121.73664330300016,16.632667839000135],[121.73628063800004,16.632742873000154],[121.73616808700001,16.632992986000147],[121.73623061600017,16.633205583000063],[121.73679337100009,16.633205583000063],[121.73668082000029,16.633430685000064],[121.73613057000023,16.63348070799998],[121.73545526400017,16.633968429000106],[121.73534271300002,16.633205583000063],[121.73504257700006,16.63301799800007],[121.73467991200016,16.63308052600013],[121.73419219100003,16.633580753000047],[121.73361693000027,16.6339059],[121.73324143900004,16.633854855000152],[121.73256946300023,16.633854855000152],[121.73256025800003,16.633431417999986],[121.73197112800017,16.63324731500012],[121.73199874400018,16.63298036599997],[121.73190669200017,16.632593750000183],[121.7320907950002,16.63249249300003],[121.7321552310002,16.63225315900013],[121.7319619230002,16.63201382600016],[121.73159371700012,16.632326801000033],[121.73137279400021,16.632032236000043],[121.73162133300013,16.631820518000154],[121.73158451200015,16.63140628600013],[121.73140961500019,16.631185362000167],[121.73115187000008,16.63121297800012],[121.73095856200007,16.63145231200002],[121.73086651100016,16.631700851000062],[121.73062717700009,16.63196780000004],[121.73041545900014,16.632032236000043],[121.73022215100013,16.631829723000067],[121.73012089400004,16.63156277300004],[121.73034181800017,16.631507543000055],[121.73066399800018,16.63124059300003],[121.73048910000011,16.631102516000055],[121.73006566300012,16.63121297800012],[121.72964624200017,16.631184315000155],[121.7294213030001,16.63099205400016],[121.72939368800007,16.630513387000065],[121.72914514900003,16.630448951000062],[121.72872171200004,16.630568618000098],[121.72862966100001,16.630448951000062],[121.72882296900002,16.630310874000088],[121.72908071300003,16.63021882200013],[121.72913594400006,16.630016309000155],[121.72906221200003,16.62986390000009],[121.72882296900002,16.629823001000148],[121.72865593100005,16.630117826000117],[121.72817347200021,16.63016861100016],[121.72837661200015,16.629609974],[121.72845279,16.629152908000037],[121.72771640500014,16.629152908000037],[121.7272085530002,16.629229086000123],[121.72725933900017,16.628645056000096],[121.72741169400001,16.628162597000085],[121.72769101300014,16.628213382000126],[121.72812268700011,16.628518093000025],[121.72822425700008,16.62808641900017],[121.72860514600006,16.627908671],[121.72875750100013,16.627350034000074],[121.72830043500016,16.627324642000133],[121.72840200500002,16.62696914500009],[121.72850357500022,16.626613648999978],[121.72791954600018,16.626258153000038],[121.72819886400032,16.62600422700018],[121.72865593100005,16.626207368000053],[121.72883367900022,16.625724908999985],[121.7299255600002,16.62470920500016],[121.72979859700013,16.62425213900019],[121.72997634500007,16.623718894000035],[121.7299255600002,16.623338006000097],[121.73017948600011,16.622855545999982],[121.72977320500013,16.621890628000074],[121.72936692300004,16.621585917],[121.7288844640002,16.621408169000063],[121.72893524900007,16.62090031700012],[121.72822425700008,16.620747962000053],[121.72736090900003,16.620951103000095],[121.72723394600007,16.620392466000112],[121.72982399000011,16.61803095500005],[121.73037241600002,16.6171414960001],[121.73045592600022,16.61590301900003],[121.73115449300019,16.61143219400003],[121.73206262900021,16.609441279000066],[121.73216741400006,16.608847498000046],[121.73552053300011,16.61073362700006],[121.74152820400013,16.610524057000134],[121.74814139200032,16.61180714600016],[121.75057651400004,16.61145613700012],[121.7535437030001,16.61189982200017],[121.75567103700007,16.612316039000063],[121.75557854400017,16.616200737000156],[121.75443280000002,16.62084422300012],[121.75753386300005,16.623789760000022],[121.75564896700007,16.631023687000038]]]}},{"type":"Feature","properties":{"adm4_name":"Pag-asa","adm4_pcode":"PH0203112034"},"geometry":{"type":"Polygon","coordinates":[[[121.73149567300004,16.713793542000133],[121.7311700790001,16.713827828000092],[121.72876989100007,16.713797479],[121.72838316800016,16.711888277000128],[121.72730039200007,16.708815307000066],[121.72656038600007,16.7078933680001],[121.72535793400027,16.70700594900012],[121.72430907800003,16.705912624000177],[121.72318836700026,16.70502956600012],[121.72166236100009,16.704077634000043],[121.71917535200032,16.702612741000053],[121.71781734400008,16.70143582200012],[121.7163213350002,16.700140911000176],[121.71357339200006,16.698965210000154],[121.71372248200021,16.698102615000096],[121.71372248200021,16.697857681000073],[121.71382897500018,16.697538202000032],[121.71402066300004,16.697229372000038],[121.71428689600032,16.697229372000038],[121.71444663500017,16.697303917000113],[121.71449988200004,16.69741041000009],[121.71447858300007,16.697623397000086],[121.71438273900003,16.697878980000155],[121.71436144100005,16.698134563000053],[121.71469156900014,16.698294303000125],[121.71492585400006,16.69834755000005],[121.71513884000012,16.698198459000025],[121.71524533400009,16.697985473000188],[121.71514949000016,16.697644695000065],[121.71495780200007,16.697421060000124],[121.71488325700022,16.69703768500011],[121.71519208700022,16.696771452000178],[121.7156713060001,16.696462622000013],[121.7158097470001,16.696270934000154],[121.7155009170001,16.696015351000085],[121.71524533400009,16.69574911800015],[121.71525598300013,16.69552548300004],[121.7154689690002,16.695344444000057],[121.71571390300005,16.69536574300014],[121.7158949410001,16.69526989900004],[121.71638481000002,16.695014316000083],[121.71653390000006,16.694886524000026],[121.71667234100005,16.694684187000064],[121.71675753500006,16.694584465000162],[121.72887553500027,16.69199319500018],[121.73530290200017,16.691561316000048],[121.73535371100002,16.690722964000145],[121.73517587900005,16.690164062000065],[121.73469319100002,16.690087849000065],[121.73385483900017,16.690087849000065],[121.73382943400009,16.689351115000022],[121.7332959370001,16.68945273300011],[121.73349917400014,16.688690595000082],[121.73266082200007,16.689071664000096],[121.73205111100015,16.688893832000133],[121.73245758500002,16.688563572000135],[121.73240677600018,16.688207907000105],[121.73248299000011,16.687776029000077],[121.73212732500008,16.687572792000083],[121.73141599600024,16.687369555000032],[121.73108573600007,16.686886867000055],[121.7315684240001,16.68640418000018],[121.73149221000017,16.68597230100005],[121.73139059100004,16.68541340000013],[121.7318478740001,16.68523556800011],[121.73220353900012,16.68487990300008],[121.73139059100004,16.68454964300014],[121.730628453,16.683990742000162],[121.73001874200008,16.683126985],[121.7303998120002,16.682542679000164],[121.73106033200008,16.682314037000083],[121.73032359800027,16.681755136000106],[121.72968848200014,16.68162811300016],[121.73001874200008,16.680942188000188],[121.73019657500015,16.68038328700004],[121.72966307800016,16.679976813000167],[121.72963182600006,16.679518983000094],[121.72990838200019,16.679518983000094],[121.73052161400017,16.679579104000027],[121.73082221800018,16.679518983000094],[121.73094246000016,16.67927850000018],[121.73083424200024,16.679013968000163],[121.7306298320002,16.67879753300008],[121.73028113100008,16.67879753300008],[121.72978814000021,16.678881702000012],[121.72953605500004,16.67852875000017],[121.72986631500021,16.678325513000118],[121.73052683500009,16.678274704000103],[121.73100952200002,16.678452536000066],[121.73494707300006,16.678920314000038],[121.73791896500018,16.678959939000038],[121.73934547300007,16.677691932000187],[121.74235699000008,16.678048559000104],[121.74453637800013,16.678207059999977],[121.7507707330002,16.676344163000124],[121.75287646200002,16.68458549500008],[121.75383116100011,16.688194090000138],[121.75302171800001,16.69297940900003],[121.7519825170001,16.696626416000072],[121.7502960610002,16.70081124500001],[121.7500162990001,16.70336407900004],[121.74921198200013,16.706476437000163],[121.74893221900015,16.711092519000033],[121.74164762500016,16.712630361000095],[121.74093853600016,16.712662045],[121.73752158600007,16.712742444000185],[121.73470762700003,16.713667031000057],[121.73149567300004,16.713793542000133]]]}},{"type":"Feature","properties":{"adm4_name":"Pangal Norte","adm4_pcode":"PH0203112036"},"geometry":{"type":"Polygon","coordinates":[[[121.67854246600007,16.625622180000107],[121.67746708500022,16.628758708000078],[121.66823485600003,16.627942133000147],[121.65444682100008,16.625457881000102],[121.6552398120001,16.62437894100003],[121.65570580200006,16.62311001500018],[121.65587378400016,16.620692161000136],[121.65222076200007,16.618147110000166],[121.6474924470001,16.614934378000044],[121.64640997200013,16.610472482000034],[121.64546668300011,16.606149118000076],[121.64781668600017,16.60681906100018],[121.65108168800009,16.607305009000015],[121.65249368800005,16.607497987000045],[121.65469069000017,16.60793594600011],[121.65928369500011,16.60902384800005],[121.66203769900005,16.609909775000062],[121.66884154000002,16.608425561000047],[121.67618755700005,16.605879523000056],[121.67654018700011,16.60483409800014],[121.67912638700022,16.60572494000013],[121.68345868200004,16.604817957000137],[121.6877053400001,16.604917294000074],[121.69056293000006,16.607224337000105],[121.69246367600033,16.609578584000133],[121.69292568700007,16.612359148000166],[121.69274645700023,16.614375487000075],[121.69090934800033,16.615854136000166],[121.68674224600034,16.616257404000123],[121.68481552200012,16.618452974000036],[121.68333687300003,16.619259509000074],[121.68077575700022,16.619456064000076],[121.67984188500009,16.61961796999998],[121.67916977200014,16.62118623400005],[121.67854246600007,16.625622180000107]]]}},{"type":"Feature","properties":{"adm4_name":"Pangal Sur","adm4_pcode":"PH0203112037"},"geometry":{"type":"Polygon","coordinates":[[[121.66884154000002,16.608425561000047],[121.66203769900005,16.609909775000062],[121.65928369500011,16.60902384800005],[121.65469069000017,16.60793594600011],[121.65472544800002,16.604768289000106],[121.65502345900006,16.60221036000013],[121.65395558600005,16.597740194000096],[121.6537409010001,16.592540196000073],[121.65410459100008,16.59143229299997],[121.65504829300016,16.58966906100011],[121.6644047740001,16.58837664100014],[121.67096705100005,16.586217099000123],[121.67128989600008,16.58822867400005],[121.67188591900026,16.589470387],[121.67193558700012,16.591953813000146],[121.67186108400006,16.594462072000113],[121.67245710600002,16.59543060800013],[121.67275511700007,16.59821204500014],[121.67464252100012,16.600571299000137],[121.67580973100007,16.602582874000063],[121.67654018700011,16.60483409800014],[121.67618755700005,16.605879523000056],[121.66884154000002,16.608425561000047]]]}},{"type":"Feature","properties":{"adm4_name":"Rumang-ay","adm4_pcode":"PH0203112039"},"geometry":{"type":"Polygon","coordinates":[[[121.69296809000014,16.665204196000047],[121.6856427890001,16.67031819200008],[121.68515491300002,16.668549640000094],[121.68087591900019,16.665498155000137],[121.67688488700003,16.663534742000138],[121.6729100780002,16.661620553000148],[121.66895365200003,16.660572063000075],[121.6704690470001,16.65730483300007],[121.67092518400011,16.65465746700005],[121.67061153100019,16.652909973000078],[121.67092518400011,16.649683830000015],[121.67110441400018,16.64851883400013],[121.67132845200024,16.645427114000086],[121.67137325900012,16.64170808800003],[121.67105960700007,16.639109250000104],[121.67123883700003,16.637137718000076],[121.67464421000011,16.633642730000076],[121.67744251200008,16.628801223000153],[121.67746708500022,16.628758708000078],[121.67747842300025,16.62876997600017],[121.68522475800023,16.63646855500002],[121.6944281110001,16.64041157400004],[121.70021595300022,16.64752822100013],[121.70101316800003,16.65132277800012],[121.70242561700013,16.65430461500017],[121.70017616100017,16.657181826000112],[121.69646194300014,16.660059037000053],[121.69296809000014,16.665204196000047]]]}},{"type":"Feature","properties":{"adm4_name":"Salay","adm4_pcode":"PH0203112040"},"geometry":{"type":"Polygon","coordinates":[[[121.71430315000009,16.70505626800019],[121.71410904800018,16.70517758200009],[121.71327198400002,16.704571013000077],[121.71334477200003,16.704364780000162],[121.71197392800013,16.7035034540001],[121.7119132710003,16.703127381000172],[121.7116827750001,16.70283622900007],[121.71097483600022,16.7021283630001],[121.7093884420002,16.70091251400015],[121.70918001100029,16.700981991000106],[121.70846208100022,16.70065776500013],[121.70731570900023,16.700275641000133],[121.70738518600001,16.699673506000124],[121.70733886800008,16.699546130999977],[121.70675202200005,16.699381847999973],[121.7051298790002,16.702459945000044],[121.69956884500016,16.70125636500012],[121.69810234800002,16.70090767900001],[121.69776559200011,16.698862753000128],[121.69819674900009,16.69639189300011],[121.6984397540001,16.692976851000026],[121.70024654700012,16.69310957900018],[121.70403210600023,16.693232103000184],[121.70563323500028,16.694253113000116],[121.70837552600005,16.69619443600004],[121.7091200440002,16.6966998420001],[121.71064546700006,16.697780239000053],[121.7115913240001,16.69813106600003],[121.71357339200006,16.698965210000154],[121.7163213350002,16.700140911000176],[121.71781734400008,16.70143582200012],[121.71487332400022,16.704219204000026],[121.71430315000009,16.70505626800019]]]}},{"type":"Feature","properties":{"adm4_name":"Salvacion","adm4_pcode":"PH0203112041"},"geometry":{"type":"Polygon","coordinates":[[[121.76183540600005,16.688751036000042],[121.75764381600015,16.689007664000144],[121.75383116100011,16.688194090000138],[121.75287646200002,16.68458549500008],[121.7507707330002,16.676344163000124],[121.7512348060003,16.669043815000066],[121.75282530400011,16.665819707000082],[121.75593797100032,16.664622527000176],[121.7553792870001,16.661270424],[121.75857176700015,16.656162456000175],[121.76344029800032,16.64554746200008],[121.77094262500032,16.647702385000116],[121.77636984100013,16.64873994100003],[121.78268897900023,16.64702496400014],[121.7836790130001,16.65085913000013],[121.78405955200003,16.65379821200014],[121.78502259900006,16.65651245300006],[121.78632943000002,16.665145654000014],[121.78100248900012,16.6737542570001],[121.78106427700004,16.674784071000033],[121.78092010300008,16.675628518000167],[121.7802816190001,16.676061040000093],[121.77966373100003,16.67707025800007],[121.77964313400003,16.677605761000052],[121.77801602900013,16.6816220340001],[121.77758350700003,16.681292494000047],[121.77673906000007,16.681127724000078],[121.77589461200012,16.681313090000117],[121.77127738800004,16.679660792],[121.7675139700001,16.68029567500008],[121.766812619,16.681307464000042],[121.76585054500003,16.683597887000076],[121.76253348800026,16.685860410000146],[121.76183540600005,16.688751036000042]]]}},{"type":"Feature","properties":{"adm4_name":"San Antonio Ugad","adm4_pcode":"PH0203112042"},"geometry":{"type":"Polygon","coordinates":[[[121.700536542,16.72613844200015],[121.69950654600007,16.726562423000132],[121.69626193500005,16.725296032000074],[121.69529764300012,16.723604293000164],[121.6947393690001,16.71951028400008],[121.69404575600015,16.718072306000124],[121.69335214300008,16.71687117100015],[121.69231011400007,16.71612095600011],[121.69537532700008,16.71656476600009],[121.69758964500022,16.716731171000106],[121.6985632410001,16.715905939000038],[121.70016551100014,16.71605572200008],[121.70135038200021,16.716272282000034],[121.70334112700016,16.716514812000014],[121.70397388100014,16.717274117000045],[121.70466991100011,16.71955203300007],[121.7051502400002,16.721679991000087],[121.70441681000011,16.722937269000056],[121.7039245090001,16.723237],[121.70314553600008,16.725640454000143],[121.70207754000012,16.726041437],[121.700536542,16.72613844200015]]]}},{"type":"Feature","properties":{"adm4_name":"San Antonio Minit","adm4_pcode":"PH0203112043"},"geometry":{"type":"Polygon","coordinates":[[[121.64515894600004,16.653976339],[121.64446804700015,16.65489216000003],[121.64278903700006,16.653414262000126],[121.64119502700021,16.6518903650001],[121.63952802200004,16.65108642600012],[121.63669401200002,16.649393547999978],[121.63457200300002,16.64810264200014],[121.63368699800026,16.647270698000057],[121.631923991,16.646214775000146],[121.6302671110002,16.639306195000188],[121.62466290900011,16.63633046300015],[121.62535558000013,16.632903664000025],[121.6265290020001,16.62742942200009],[121.62623842000005,16.624523598000167],[121.62569876700002,16.62161777400007],[121.62997447900011,16.61858741400016],[121.63514684700021,16.618882412000062],[121.64306602700015,16.616447728000026],[121.6474924470001,16.614934378000044],[121.65222076200007,16.618147110000166],[121.65587378400016,16.620692161000136],[121.65570580200006,16.62311001500018],[121.6552398120001,16.62437894100003],[121.65444682100008,16.625457881000102],[121.65332483400005,16.627168785000094],[121.65321084000004,16.627897741000027],[121.65337884500002,16.628585698000165],[121.653378857,16.630185601000107],[121.65282987500007,16.632640455],[121.65255487900004,16.633069430999967],[121.65240188100006,16.633317417000058],[121.65122689200007,16.634708341000078],[121.65015890400002,16.636190258],[121.6499299190001,16.63824213500004],[121.65093693400001,16.64032100100013],[121.65244794700027,16.642161879000184],[121.65420295700005,16.64370977200008],[121.6552859640002,16.644785699000067],[121.65625497100018,16.645813630000077],[121.65730797900005,16.646981552000113],[121.65854831000013,16.646365114000048],[121.65678482600003,16.651683122000065],[121.65171583900008,16.651226279000014],[121.6461510470001,16.65294231700011],[121.64515894600004,16.653976339]]]}},{"type":"Feature","properties":{"adm4_name":"San Carlos","adm4_pcode":"PH0203112044"},"geometry":{"type":"Polygon","coordinates":[[[121.78268897900023,16.64702496400014],[121.77636984100013,16.64873994100003],[121.77094262500032,16.647702385000116],[121.76344029800032,16.64554746200008],[121.75620934100004,16.64105948700012],[121.75425977000009,16.638170983],[121.75310479500001,16.634916054000087],[121.75564896700007,16.631023687000038],[121.75753386300005,16.623789760000022],[121.75443280000002,16.62084422300012],[121.75557854400017,16.616200737000156],[121.75567103700007,16.612316039000063],[121.76529028800007,16.612084807000087],[121.77564948100007,16.613657185000022],[121.7774068440001,16.61592325800018],[121.78203148400007,16.615275808999968],[121.7854537180001,16.616431969000075],[121.78684111000007,16.615692026000033],[121.78931544600005,16.616330497000035],[121.78940007400013,16.62097870400015],[121.7904923960001,16.62320680900018],[121.79058706800004,16.623461421000115],[121.79197776400008,16.62719714000002],[121.79146287800006,16.62835105900001],[121.79077205400029,16.629797178000047],[121.78929574900008,16.634047455000086],[121.78729647600017,16.635568164000063],[121.78436986900022,16.637866033000023],[121.78375472000005,16.64162744700002],[121.78238604900002,16.64391275400004],[121.78268897900023,16.64702496400014]]]}},{"type":"Feature","properties":{"adm4_name":"San Fabian","adm4_pcode":"PH0203112045"},"geometry":{"type":"Polygon","coordinates":[[[121.68854666500033,16.727325733000043],[121.68619767500013,16.728517629000066],[121.68196241900023,16.727898996000135],[121.67886925500022,16.727565886000093],[121.6747767610002,16.72647138200017],[121.67527553800016,16.723323789000062],[121.6742657870002,16.712560684000096],[121.68111211200005,16.709942373000047],[121.6814206580002,16.709942307000063],[121.68397827500019,16.709941757000024],[121.68600817400022,16.71031642400004],[121.68603062100021,16.71032056700011],[121.687262787,16.711622478000095],[121.69231011400007,16.71612095600011],[121.69335214300008,16.71687117100015],[121.69404575600015,16.718072306000124],[121.6947393690001,16.71951028400008],[121.69529764300012,16.723604293000164],[121.69626193500005,16.725296032000074],[121.6947552710003,16.72605756700011],[121.6915288460001,16.726824066],[121.68898282700002,16.72710442200014],[121.68854666500033,16.727325733000043]]]}},{"type":"Feature","properties":{"adm4_name":"San Felipe","adm4_pcode":"PH0203112046"},"geometry":{"type":"Polygon","coordinates":[[[121.72104912600014,16.6176515570001],[121.70430596200015,16.621586407000052],[121.69675718400015,16.62053022300006],[121.68674224600034,16.616257404000123],[121.69090934800033,16.615854136000166],[121.69274645700023,16.614375487000075],[121.69292568700007,16.612359148000166],[121.69246367600033,16.609578584000133],[121.69056293000006,16.607224337000105],[121.6877053400001,16.604917294000074],[121.69279283900016,16.600707164000085],[121.69653914100013,16.599788260000082],[121.6995410730002,16.601116148000187],[121.70319363600015,16.603808485000116],[121.71002533800015,16.601901964000035],[121.71979547400008,16.603552577000073],[121.73216741400006,16.608847498000046],[121.73206262900021,16.609441279000066],[121.73115449300019,16.61143219400003],[121.73045592600022,16.61590301900003],[121.73037241600002,16.6171414960001],[121.72982399000011,16.61803095500005],[121.72104912600014,16.6176515570001]]]}},{"type":"Feature","properties":{"adm4_name":"San Juan","adm4_pcode":"PH0203112047"},"geometry":{"type":"Polygon","coordinates":[[[121.65854831000013,16.646365114000048],[121.65730797900005,16.646981552000113],[121.65625497100018,16.645813630000077],[121.6552859640002,16.644785699000067],[121.65420295700005,16.64370977200008],[121.65244794700027,16.642161879000184],[121.65093693400001,16.64032100100013],[121.6499299190001,16.63824213500004],[121.65015890400002,16.636190258],[121.65122689200007,16.634708341000078],[121.65240188100006,16.633317417000058],[121.65255487900004,16.633069430999967],[121.65282987500007,16.632640455],[121.653378857,16.630185601000107],[121.65337884500002,16.628585698000165],[121.65321084000004,16.627897741000027],[121.65332483400005,16.627168785000094],[121.65444682100008,16.625457881000102],[121.66823485600003,16.627942133000147],[121.67746708500022,16.628758708000078],[121.67744251200008,16.628801223000153],[121.67464421000011,16.633642730000076],[121.67123883700003,16.637137718000076],[121.67105960700007,16.639109250000104],[121.67137325900012,16.64170808800003],[121.67132845200024,16.645427114000086],[121.6619349,16.64697054300018],[121.65854831000013,16.646365114000048]]]}},{"type":"Feature","properties":{"adm4_name":"San Manuel","adm4_pcode":"PH0203112048"},"geometry":{"type":"Polygon","coordinates":[[[121.62569876700002,16.62161777400007],[121.62623842000005,16.624523598000167],[121.62272826300011,16.62236815500006],[121.62079379300008,16.618678527000156],[121.621464779,16.6168646320001],[121.62094576600009,16.615025748000164],[121.6212287620001,16.614458780000177],[121.62288374900004,16.61298885800005],[121.62407373500002,16.611187960000052],[121.62482172700015,16.61008602200019],[121.62500470400005,16.607143199000177],[121.62782640800015,16.604716511000106],[121.63221191000002,16.60477133000012],[121.63813233800022,16.60564843000003],[121.64142367700015,16.60495921900008],[121.6432926770002,16.605138195000166],[121.64546668300011,16.606149118000076],[121.64640997200013,16.610472482000034],[121.6474924470001,16.614934378000044],[121.64306602700015,16.616447728000026],[121.63514684700021,16.618882412000062],[121.62997447900011,16.61858741400016],[121.62569876700002,16.62161777400007]]]}},{"type":"Feature","properties":{"adm4_name":"San Miguel","adm4_pcode":"PH0203112049"},"geometry":{"type":"Polygon","coordinates":[[[121.92367825100018,16.656820237000147],[121.91712081300011,16.65946843300003],[121.90577140100004,16.658333492],[121.89934006700014,16.658585701],[121.8923496430001,16.658838282000033],[121.9018858930001,16.645406944],[121.90198137000004,16.64210219100005],[121.90242314700015,16.638624119000042],[121.901554701,16.634305629000153],[121.90124965600012,16.62825],[121.90074664400004,16.626534108000044],[121.88884452100001,16.608760274000076],[121.91646330300011,16.621016474000044],[121.92243750100022,16.620502443000078],[121.92912091800008,16.619513614000084],[121.936097861,16.616946841000072],[121.9408064940003,16.612657599000045],[121.94672391600034,16.60548678800012],[121.94819873500012,16.597656836000112],[121.9495980800001,16.592628438000077],[121.95416251000017,16.586677285],[121.95596719600007,16.58021690099997],[121.95652204700002,16.575427389000026],[121.96127912500003,16.55041006200014],[121.97986336300005,16.535887979],[121.99295166700017,16.530570855000065],[122.01773371300033,16.51702452700016],[122.0485711780002,16.534737879999966],[122.01543875300001,16.568200300000058],[121.9803068230002,16.60873714300004],[121.95016021300023,16.65518087700002],[121.93717144100003,16.656063609000057],[121.93351440800006,16.655054773000074],[121.92367825100018,16.656820237000147]]]}},{"type":"Feature","properties":{"adm4_name":"San Salvador","adm4_pcode":"PH0203112050"},"geometry":{"type":"Polygon","coordinates":[[[121.70880779400011,16.653781486000128],[121.70242561700013,16.65430461500017],[121.70101316800003,16.65132277800012],[121.70021595300022,16.64752822100013],[121.6944281110001,16.64041157400004],[121.69454370200015,16.640103331000034],[121.69519871900002,16.63948684400009],[121.69550696300018,16.63917859999998],[121.69573814600005,16.63844652199998],[121.69512165900005,16.638099748000116],[121.69519871900002,16.63709795600016],[121.6956610850001,16.636404408000146],[121.69577667600004,16.635325556000055],[121.69569961500008,16.634747599000093],[121.69562255400001,16.633861399000125],[121.69593079800018,16.631780755000136],[121.69646096000031,16.63089807500012],[121.69681699800014,16.630123946000083],[121.69747201600012,16.629237746000115],[121.69936000700011,16.62723416299997],[121.70248097300009,16.625346172000036],[121.70430596200015,16.621586407000052],[121.72104912600014,16.6176515570001],[121.72982399000011,16.61803095500005],[121.72723394600007,16.620392466000112],[121.72736090900003,16.620951103000095],[121.72822425700008,16.620747962000053],[121.72893524900007,16.62090031700012],[121.7288844640002,16.621408169000063],[121.72936692300004,16.621585917],[121.72977320500013,16.621890628000074],[121.73017948600011,16.622855545999982],[121.7299255600002,16.623338006000097],[121.72997634500007,16.623718894000035],[121.72979859700013,16.62425213900019],[121.7299255600002,16.62470920500016],[121.72883367900022,16.625724908999985],[121.72865593100005,16.626207368000053],[121.72819886400032,16.62600422700018],[121.72791954600018,16.626258153000038],[121.72850357500022,16.626613648999978],[121.72840200500002,16.62696914500009],[121.72830043500016,16.627324642000133],[121.72875750100013,16.627350034000074],[121.72860514600006,16.627908671],[121.72822425700008,16.62808641900017],[121.72812268700011,16.628518093000025],[121.72769101300014,16.628213382000126],[121.72741169400001,16.628162597000085],[121.72725933900017,16.628645056000096],[121.7272085530002,16.629229086000123],[121.72771640500014,16.629152908000037],[121.72845279,16.629152908000037],[121.72837661200015,16.629609974],[121.72817347200021,16.63016861100016],[121.72865593100005,16.630117826000117],[121.72882296900002,16.629823001000148],[121.72906221200003,16.62986390000009],[121.72913594400006,16.630016309000155],[121.72908071300003,16.63021882200013],[121.72882296900002,16.630310874000088],[121.72862966100001,16.630448951000062],[121.72872171200004,16.630568618000098],[121.72914514900003,16.630448951000062],[121.72939368800007,16.630513387000065],[121.7294213030001,16.63099205400016],[121.72964624200017,16.631184315000155],[121.73006566300012,16.63121297800012],[121.73048910000011,16.631102516000055],[121.73066399800018,16.63124059300003],[121.73034181800017,16.631507543000055],[121.73012089400004,16.63156277300004],[121.73022215100013,16.631829723000067],[121.73041545900014,16.632032236000043],[121.73062717700009,16.63196780000004],[121.73086651100016,16.631700851000062],[121.73095856200007,16.63145231200002],[121.73115187000008,16.63121297800012],[121.73140961500019,16.631185362000167],[121.73158451200015,16.63140628600013],[121.73162133300013,16.631820518000154],[121.73137279400021,16.632032236000043],[121.73159371700012,16.632326801000033],[121.7319619230002,16.63201382600016],[121.7321552310002,16.63225315900013],[121.7320907950002,16.63249249300003],[121.73190669200017,16.632593750000183],[121.73199874400018,16.63298036599997],[121.73197112800017,16.63324731500012],[121.73174108,16.633293123000044],[121.73139092100007,16.633143055000062],[121.73102732000007,16.633439199],[121.73071561500012,16.633180572000015],[121.73049051200007,16.633393168000055],[121.7304404900002,16.63369330400019],[121.7304029730002,16.634093486000097],[121.73019037600011,16.634318588000042],[121.72994026300012,16.634468656000024],[121.72975267800007,16.634518678000063],[121.72964012700015,16.634743780000065],[121.72984021800005,16.63494387100019],[121.73020288200007,16.635106445000133],[121.730390467,16.635544143000118],[121.73031543300021,16.636019358999988],[121.730390467,16.63626947199998],[121.73065308600019,16.636319495000123],[121.73070310900016,16.636507080000115],[121.7306405810001,16.63674468800008],[121.73066559200015,16.637057330000175],[121.73111579600027,16.637132363999967],[121.73164103400006,16.637269925999988],[121.73170356300011,16.637620085000094],[121.73164103400006,16.63805778300008],[121.73152848300003,16.638457965000157],[121.73127837000004,16.63864555000015],[121.73094071700007,16.63874559500016],[121.73075313200013,16.638995709000085],[121.73061556900018,16.63928333900003],[121.73037796100004,16.63925832800004],[121.73027791600009,16.638845641000103],[121.73025290500004,16.63847047100012],[121.73010283700023,16.638357920000146],[121.73000279100006,16.638482975999977],[121.72999028600009,16.638858146000132],[121.72969014900002,16.638845641000103],[121.72935249600005,16.638733090000073],[121.72933999100019,16.638908169000103],[121.7294525420001,16.639245822000078],[121.72862716700001,16.639270834000172],[121.72828951400004,16.639633497999966],[121.72800188400004,16.639520947000165],[121.72763921900014,16.63935837300005],[121.7272890600002,16.639108260000057],[121.71756028000027,16.64525571500002],[121.71771087200011,16.645571957000072],[121.71816264600022,16.646068909000178],[121.71835841500001,16.646821867000142],[121.71843371100033,16.64793624400005],[121.71927702300013,16.64929156800008],[121.71912643200005,16.649924052000188],[121.71885536700006,16.650315590000105],[121.71878007100008,16.650646891000065],[121.71938243800003,16.65139984900003],[121.71754405200022,16.652316724000116],[121.71335901800012,16.65399073800006],[121.70880779400011,16.653781486000128]]]}},{"type":"Feature","properties":{"adm4_name":"Santa Ana","adm4_pcode":"PH0203112051"},"geometry":{"type":"Polygon","coordinates":[[[121.62044228900015,16.63606993000019],[121.61571765600013,16.636839871],[121.6093957270001,16.63487148300004],[121.60376823300021,16.634402525000155],[121.59871391100035,16.635288334000165],[121.59718793900004,16.636075632000143],[121.5940528870002,16.62880609600012],[121.59517872200001,16.627081530000055],[121.59529128400004,16.625383724000073],[121.59440955000014,16.623432654000112],[121.59474005100003,16.623033542000144],[121.59509430100002,16.622335177000025],[121.59533146800004,16.62212707000009],[121.59583533200009,16.62178174800016],[121.59593394000012,16.6207784180001],[121.59624346700002,16.620551800000158],[121.59659168400003,16.62034176399999],[121.59685699300019,16.620087510000133],[121.59718310200003,16.620010128000104],[121.59735997400014,16.61986089200019],[121.59741769500022,16.619720923000045],[121.59734505100005,16.619368882000174],[121.59739357000012,16.61865222800003],[121.59995780700024,16.618588677],[121.60010280100016,16.617838721000112],[121.60217280000006,16.617891704000158],[121.60242979200007,16.61679376899997],[121.60341378800013,16.616452783],[121.60403177600006,16.614819878],[121.60435976000008,16.61268000500013],[121.60820128800015,16.613816427000017],[121.6140120780002,16.61195258900017],[121.6212287620001,16.614458780000177],[121.62094576600009,16.615025748000164],[121.621464779,16.6168646320001],[121.62079379300008,16.618678527000156],[121.62272826300011,16.62236815500006],[121.62623842000005,16.624523598000167],[121.6265290020001,16.62742942200009],[121.62535558000013,16.632903664000025],[121.62466290900011,16.63633046300015],[121.62044228900015,16.63606993000019]]]}},{"type":"Feature","properties":{"adm4_name":"Santa Cruz","adm4_pcode":"PH0203112052"},"geometry":{"type":"Polygon","coordinates":[[[121.71372248200021,16.698102615000096],[121.71357339200006,16.698965210000154],[121.7115913240001,16.69813106600003],[121.71064546700006,16.697780239000053],[121.7091200440002,16.6966998420001],[121.70837552600005,16.69619443600004],[121.70563323500028,16.694253113000116],[121.70403210600023,16.693232103000184],[121.70024654700012,16.69310957900018],[121.6984397540001,16.692976851000026],[121.69733202200007,16.692689437000013],[121.69745965800018,16.692334894999988],[121.69795601600003,16.692221441000015],[121.69829637700002,16.692249805000074],[121.69829637700002,16.691866899],[121.69801274300005,16.69156908400015],[121.69787092600006,16.69124290500008],[121.69802692500014,16.69051964],[121.69833892200006,16.69029273300015],[121.69884946200023,16.690363641000147],[121.69914727800017,16.690165097999966],[121.69954436500007,16.689569467000183],[121.69938836600022,16.688945473000047],[121.69821128700005,16.688846201],[121.69823965000023,16.688647658000036],[121.69875019000006,16.68829311600018],[121.69889200700015,16.687754212000186],[121.69899127900032,16.68697422000008],[121.69867928200017,16.686676403999968],[121.69823965000023,16.686378589000128],[121.69858001000011,16.685882230000175],[121.69867928200017,16.68557023300002],[121.69856582900013,16.68462006100009],[121.69828219500027,16.683783342000083],[121.69754474800027,16.682974986000147],[121.69734620400004,16.682521172000065],[121.69748802100014,16.682024813000112],[121.69780001800007,16.681443364000074],[121.70179786200015,16.678891691000047],[121.70493663700006,16.678839378000077],[121.708653464,16.678173086000015],[121.70878048700013,16.67885901000011],[121.70928857900003,16.67936710200007],[121.7096188390002,16.67967195800003],[121.70936479300008,16.680002218000027],[121.70931398400012,16.68053571500019],[121.70984748100011,16.680916784000033],[121.71002531300007,16.681323256999974],[121.71025395400011,16.681958373000157],[121.71025395400011,16.68236484700003],[121.710101527,16.682847534000075],[121.71007612200026,16.683482649000155],[121.71040638200009,16.683736696000096],[121.71063502300024,16.684092360000022],[121.71005071700006,16.684397216000036],[121.7100353840001,16.68445627800014],[121.71015233600019,16.684854499000153],[121.71005071700006,16.685565828000108],[121.70977126700018,16.685794469000086],[121.70936479300008,16.685794469000086],[121.7093393880001,16.686200943000188],[121.70969505300013,16.68632796600008],[121.70997450400023,16.686709035000092],[121.71022855000012,16.68719172300007],[121.71060961900014,16.68749657800015],[121.71116852000023,16.687521983000067],[121.71121933000018,16.687013891000106],[121.71152418500026,16.68660741700006],[121.71203227700005,16.686759844000107],[121.71221010900001,16.68716631800004],[121.71205768200014,16.687572792000083],[121.71226091900007,16.687801434000164],[121.71317548500008,16.688614381000036],[121.71294684300005,16.689427329000125],[121.71340412600011,16.689300306000177],[121.71398843200018,16.688843023000118],[121.71444571500001,16.68914787800003],[121.7139376230001,16.689935421000087],[121.71388681400026,16.690494322000063],[121.71429328800014,16.69057053600011],[121.71485218900011,16.69054513200018],[121.7151570440002,16.690265681000028],[121.71548730400002,16.690240276000168],[121.7159191830001,16.69034189500013],[121.71615426400012,16.69066548799998],[121.71612242000015,16.6911040330001],[121.71543649500018,16.690926200999968],[121.71500461700009,16.690951605000123],[121.71492840300004,16.691358079],[121.71523325800013,16.69166293500018],[121.71548730400002,16.691840767000144],[121.71551270900022,16.69212021800007],[121.71485218900011,16.69206940800018],[121.71469976100013,16.69245047800007],[121.71467435700015,16.692882356000098],[121.7151570440002,16.69326342500011],[121.71553811400008,16.693542876000038],[121.71624944300004,16.693796922000104],[121.71665591700014,16.693974754000067],[121.71675753500006,16.694584465000162],[121.71667234100005,16.694684187000064],[121.71653390000006,16.694886524000026],[121.71638481000002,16.695014316000083],[121.7158949410001,16.69526989900004],[121.71571390300005,16.69536574300014],[121.7154689690002,16.695344444000057],[121.71525598300013,16.69552548300004],[121.71524533400009,16.69574911800015],[121.7155009170001,16.696015351000085],[121.7158097470001,16.696270934000154],[121.7156713060001,16.696462622000013],[121.71519208700022,16.696771452000178],[121.71488325700022,16.69703768500011],[121.71495780200007,16.697421060000124],[121.71514949000016,16.697644695000065],[121.71524533400009,16.697985473000188],[121.71513884000012,16.698198459000025],[121.71492585400006,16.69834755000005],[121.71469156900014,16.698294303000125],[121.71436144100005,16.698134563000053],[121.71438273900003,16.697878980000155],[121.71447858300007,16.697623397000086],[121.71449988200004,16.69741041000009],[121.71444663500017,16.697303917000113],[121.71428689600032,16.697229372000038],[121.71402066300004,16.697229372000038],[121.71382897500018,16.697538202000032],[121.71372248200021,16.697857681000073],[121.71372248200021,16.698102615000096]]]}},{"type":"Feature","properties":{"adm4_name":"Santa Maria","adm4_pcode":"PH0203112053"},"geometry":{"type":"Polygon","coordinates":[[[121.62288374900004,16.61298885800005],[121.6212287620001,16.614458780000177],[121.6140120780002,16.61195258900017],[121.60820128800015,16.613816427000017],[121.60435976000008,16.61268000500013],[121.60549975100014,16.611550066000177],[121.60524674500016,16.61077611500002],[121.60464973500018,16.60937320500011],[121.60371173300018,16.608985235000148],[121.60329973000012,16.60854326499998],[121.60336072000018,16.607217345000095],[121.60383970600003,16.605382453000118],[121.60505368900021,16.603189578000126],[121.60561867700005,16.601694665000025],[121.60795565600006,16.599026811000044],[121.60861665000004,16.59833584900008],[121.60948665600006,16.59926978599998],[121.6101776590001,16.599691756000084],[121.61090665600011,16.5993517710001],[121.61100464900017,16.59845982500002],[121.61077563600008,16.596647937000057],[121.61088962600013,16.595281019000083],[121.60353152400012,16.593325658000083],[121.60347418300023,16.593137558000137],[121.6037294050002,16.592986020000012],[121.60387296800013,16.59285840900003],[121.60371345400006,16.59270687000003],[121.60364167300008,16.592507478000016],[121.60380118700027,16.592276183000024],[121.6039447490001,16.592172499000128],[121.6040245060002,16.59198108200019],[121.60419997100007,16.591733836000174],[121.60436746100004,16.59151051600014],[121.60427175200005,16.591422783999974],[121.60400855500006,16.591486589000056],[121.60395272500023,16.59134302700005],[121.60401653000008,16.591127683000025],[121.6041281900001,16.59064914200013],[121.60400855500006,16.59046570100014],[121.60375333200011,16.59036999200009],[121.6036496480001,16.59027428400003],[121.60365762400022,16.590035013000033],[121.60355394000032,16.589779791000012],[121.60320301000024,16.589500642000132],[121.60312325300015,16.58914971200005],[121.60284410300017,16.58869509699997],[121.60282815200014,16.588296312000125],[121.60282815200014,16.587977285000136],[121.60272446800013,16.587666233000107],[121.60276434700006,16.58749076700019],[121.60264471100015,16.587307327000076],[121.60243734300002,16.587299351000127],[121.60207843700005,16.58727542400004],[121.60199868000007,16.587044129000162],[121.6020305830001,16.586876638999968],[121.60202260700021,16.586677247000182],[121.6017275060002,16.586525709000114],[121.60132074600017,16.586573563000115],[121.6010575480002,16.586613441000054],[121.60084220500005,16.586517733000164],[121.6005072260001,16.586517733000164],[121.59962989900009,16.586342268000124],[121.59933479900008,16.58622263200016],[121.59940658000005,16.585871702000077],[121.59962989900009,16.585552674000155],[121.59986119400014,16.585161865000032],[121.60009249000007,16.584938546000103],[121.60018819800007,16.584691298999985],[121.6002839060003,16.584364296000047],[121.6002839060003,16.58413300100017],[121.60025997900004,16.584053244000074],[121.60015629500015,16.584013366000136],[121.59917528500011,16.584021340999982],[121.59892803800005,16.583917657000143],[121.59863293800015,16.583742192000102],[121.59825808000005,16.58354280000009],[121.59816237200027,16.583279602000175],[121.59827403200006,16.583136039000124],[121.5986887680001,16.58319984500008],[121.59887220900009,16.583048307000126],[121.59892803800005,16.58276118200007],[121.59880840300002,16.582553814000164],[121.59847342400008,16.582593692000103],[121.59823415300013,16.582593692000103],[121.59814642100014,16.582450130000097],[121.59824212900003,16.58221883500005],[121.5984654480003,16.582003491000023],[121.59883233000028,16.581907783000077],[121.59904767400019,16.581947661000186],[121.59922313900006,16.581899807000127],[121.59941455600017,16.581764220000025],[121.59993297600022,16.581062359000157],[121.60010844100009,16.58072738000004],[121.6002839060003,16.58055191500017],[121.60033973600014,16.580304669000157],[121.60056305500007,16.58005742200004],[121.60124896500031,16.579674589000035],[121.60186309300013,16.579515075000188],[121.60219009700006,16.57905248500009],[121.60209486100018,16.578819819000046],[121.60184096200021,16.578411767000034],[121.6017321490001,16.578248547000044],[121.60165960600011,16.577949309000132],[121.60160519900012,16.57760473200011],[121.6013603680002,16.577260155000147],[121.60121528300022,16.57712413800016],[121.60109740200016,16.577251087000093],[121.60107019800034,16.577550325000175],[121.60114274100022,16.57772261300005],[121.60116087600022,16.577903970000023],[121.60104299500017,16.57803998700018],[121.60084350300019,16.578067190000013],[121.60052612900006,16.578003716000126],[121.6001452810001,16.57799464800007],[121.59972816200002,16.578012784000123],[121.59942892400011,16.57798558000019],[121.59913875400002,16.577949309000132],[121.59902994000015,16.577795156000093],[121.59880324500011,16.577613800000165],[121.59873070200001,16.577368969000077],[121.59895739800015,16.577368969000077],[121.5992566350003,16.57737803700013],[121.59941078800023,16.577323630000137],[121.59950146600022,16.57717854500015],[121.59936544900006,16.577024392000055],[121.59926570300001,16.576797696000142],[121.59942892400011,16.57658006900016],[121.59961934800003,16.57640778000001],[121.59958307700015,16.576235491999967],[121.59956494100004,16.575945322000166],[121.59952867000004,16.575754898000184],[121.59972484900015,16.57558514300007],[121.59991822700033,16.575457638000103],[121.60000872100022,16.575335471000017],[121.60008564100019,16.575222354000175],[121.60016708600006,16.575113761000182],[121.6002756790001,16.574991594000096],[121.60042046900014,16.574928248],[121.60063765500001,16.574864902000115],[121.60086389100024,16.57482418000012],[121.60094081000011,16.57471558700007],[121.6008503160001,16.574498401000085],[121.60069195200015,16.574281215000042],[121.60064218000014,16.573806121000132],[121.60077339600014,16.573634182000035],[121.60077096000009,16.573515148000126],[121.60108833400011,16.573243113000103],[121.60270240500017,16.573243113000103],[121.60389028800012,16.573079893000113],[121.60475173100008,16.573560487000066],[121.60524139300003,16.573905064000087],[121.60591241100019,16.573633029000064],[121.60640207300003,16.573270317000038],[121.60707309100007,16.57353328300013],[121.60789826200005,16.573914131000038],[121.60934004500007,16.574149895000176],[121.61165135200008,16.57326255800001],[121.61524709900016,16.572971011000163],[121.61707412700002,16.573554105000085],[121.61925101100019,16.573826215000054],[121.62364365300016,16.57437043700014],[121.62587884600009,16.574525928000128],[121.63017430600007,16.575439442],[121.63344439300022,16.57478059900012],[121.63569558000017,16.576176335000184],[121.63504448000015,16.57789391100016],[121.63464849200022,16.57941582100017],[121.63393150400009,16.580998729000044],[121.6323515260001,16.583796570000118],[121.62971254700017,16.58647842500011],[121.62715656400007,16.588477321000084],[121.62619458100005,16.590603198000053],[121.62682059500014,16.592673068000067],[121.62669861300014,16.594978928000046],[121.62782762100016,16.59614784900009],[121.62818663200005,16.597663754000166],[121.62735463900003,16.59855870600012],[121.62548565500015,16.600595595000186],[121.62464667100005,16.60265547500012],[121.62447868900017,16.604982335000045],[121.6247377000002,16.60647324200005],[121.62500470400005,16.607143199000177],[121.62482172700015,16.61008602200019],[121.62407373500002,16.611187960000052],[121.62288374900004,16.61298885800005]]]}},{"type":"Feature","properties":{"adm4_name":"Santa Monica","adm4_pcode":"PH0203112054"},"geometry":{"type":"Polygon","coordinates":[[[121.63167333100023,16.691557021000108],[121.63218606700002,16.694208271000093],[121.62984350900012,16.692838255000083],[121.62930226800006,16.692330842000104],[121.62890479500004,16.691857256],[121.62819433200002,16.691448052000055],[121.62722187400004,16.69102002400018],[121.62554741100007,16.69028427500018],[121.62471863600001,16.689962914000148],[121.62406732000011,16.68939220600015],[121.62275531700004,16.68888924500004],[121.62211431100013,16.688019303000146],[121.6214653080001,16.687586333000013],[121.62107371800005,16.68741739100011],[121.62038930300002,16.68685438500006],[121.61939079800004,16.686309539000092],[121.61868041900004,16.68549767800016],[121.61801232500034,16.684939523000082],[121.61726811900007,16.68479575599997],[121.6158811900001,16.684575876999986],[121.61519556300016,16.684453746000088],[121.61483253600022,16.684339084000044],[121.61344560600003,16.684169946000054],[121.61207559100012,16.684372912000185],[121.61091699700034,16.68439828200013],[121.61162983600013,16.68053059400006],[121.61142361200007,16.679512168000144],[121.61105859000008,16.67861312700012],[121.61102282600018,16.678250457000104],[121.61085920000028,16.675028287000146],[121.61074240800008,16.673237406000055],[121.61055697200015,16.668719183],[121.62797312100008,16.663190770000085],[121.62982713100018,16.664716665000128],[121.63187214700008,16.667066508000175],[121.63230716600015,16.669582352000134],[121.63287917800005,16.671232247000148],[121.633665188,16.67267315400005],[121.63467920000028,16.674377043999982],[121.63566221400026,16.676359917000184],[121.63692523000032,16.678646769000068],[121.63759424200009,16.68033566200006],[121.63804425400019,16.68187556500004],[121.63739527100006,16.68419742800006],[121.63680373300008,16.68479097100004],[121.63648027900001,16.68510138000005],[121.63608327700001,16.684776402000182],[121.63543526900003,16.683628477000127],[121.63424427300026,16.684118454999975],[121.63244428700023,16.685812365000174],[121.63181830300027,16.687884242999985],[121.631963315,16.68952814200003],[121.63167333100023,16.691557021000108]]]}},{"type":"Feature","properties":{"adm4_name":"Santo Domingo","adm4_pcode":"PH0203112055"},"geometry":{"type":"Polygon","coordinates":[[[121.6985632410001,16.715905939000038],[121.69758964500022,16.716731171000106],[121.69537532700008,16.71656476600009],[121.69231011400007,16.71612095600011],[121.69239712900003,16.71380770900015],[121.69327032100023,16.70981096700001],[121.69382673500002,16.707132227999978],[121.69464505400003,16.707132227999978],[121.69519467200018,16.70707115900018],[121.69595192300005,16.707132227999978],[121.69623283800013,16.707193297000174],[121.69894814300017,16.707298128000048],[121.70092491000003,16.707913109],[121.70149409800001,16.70947837500006],[121.70327187200007,16.71194951500007],[121.70298483700003,16.712097424000092],[121.70251863600004,16.714344933000177],[121.70228888100019,16.714728735000165],[121.70135038200021,16.716272282000034],[121.70016551100014,16.71605572200008],[121.6985632410001,16.715905939000038]]]}},{"type":"Feature","properties":{"adm4_name":"Silauan Sur (Pob.)","adm4_pcode":"PH0203112056"},"geometry":{"type":"Polygon","coordinates":[[[121.6814206580002,16.709942307000063],[121.68111211200005,16.709942373000047],[121.68094226200003,16.70875342200003],[121.67969386400011,16.708023067000056],[121.67860682300022,16.707445577000044],[121.677698125,16.7069530120001],[121.67677244200001,16.706477431000053],[121.6763895690001,16.706261175000122],[121.67595103700035,16.70599482600005],[121.67640652100022,16.705134880000116],[121.67697111700022,16.704232224],[121.67738196700009,16.703364866000015],[121.67834726800015,16.703907139000023],[121.67880538600002,16.703260934000127],[121.67976888400017,16.703400069],[121.68226184100013,16.70225925900013],[121.68263923200016,16.70227182399998],[121.68312401800006,16.702518917000134],[121.68502496400004,16.70347184700006],[121.68495761900022,16.704581687000086],[121.68492352500004,16.705314707000127],[121.68462568500013,16.706861002000096],[121.68458014900023,16.707091717000083],[121.68450587500013,16.707479671000044],[121.68437664300006,16.708027844000185],[121.68429524000021,16.708239490000096],[121.68422197800021,16.708695343999977],[121.68397827500019,16.709941757000024],[121.6814206580002,16.709942307000063]]]}},{"type":"Feature","properties":{"adm4_name":"Silauan Norte (Pob.)","adm4_pcode":"PH0203112057"},"geometry":{"type":"Polygon","coordinates":[[[121.67527553800016,16.723323789000062],[121.6747767610002,16.72647138200017],[121.67062818300008,16.7231278160001],[121.66843632100017,16.721751534000077],[121.66499902900011,16.719536346000098],[121.66424169900017,16.719126979000066],[121.66401654700019,16.718615269],[121.6639960780002,16.718267306000087],[121.6639960780002,16.71777606500001],[121.66483528200001,16.716568430000052],[121.66482711100014,16.713776267000014],[121.66502824300005,16.711945962000186],[121.66436624400012,16.70913223800011],[121.66707249500007,16.70637381400013],[121.66773394600023,16.706944927000052],[121.66987015900008,16.708898865000037],[121.67232182200019,16.71100211600009],[121.67330616100003,16.71064261800018],[121.67345167200006,16.710539905000132],[121.6737512540002,16.71002633600017],[121.6754117910001,16.70691068900004],[121.67595103700035,16.70599482600005],[121.6763895690001,16.706261175000122],[121.67677244200001,16.706477431000053],[121.677698125,16.7069530120001],[121.67860682300022,16.707445577000044],[121.67969386400011,16.708023067000056],[121.68094226200003,16.70875342200003],[121.68111211200005,16.709942373000047],[121.6742657870002,16.712560684000096],[121.67527553800016,16.723323789000062]]]}},{"type":"Feature","properties":{"adm4_name":"Sinabbaran","adm4_pcode":"PH0203112058"},"geometry":{"type":"Polygon","coordinates":[[[121.69571177000012,16.741884542000037],[121.69555500800016,16.741911570000127],[121.69539824600031,16.741792647000125],[121.69525770100017,16.74162507400007],[121.69521986200016,16.741398040000092],[121.6953387850001,16.740998027000103],[121.6954036520001,16.74080342600007],[121.69524689000002,16.740716937000116],[121.69512796700008,16.74070072000012],[121.69501985600004,16.74057639200015],[121.6949982330002,16.740387197000018],[121.69505769500029,16.74013313500012],[121.6953333790002,16.73995475100014],[121.69555500800016,16.739943939000113],[121.69574960900002,16.739987184000086],[121.69597123700021,16.73999799500018],[121.69617664900011,16.740019616999973],[121.69628476100002,16.740041240000096],[121.69640368400019,16.739922317000094],[121.69629557200017,16.739776366],[121.69612799900005,16.739592577],[121.69578204200013,16.73950068200014],[121.69559284700017,16.739462843000126],[121.69547392400023,16.73945203200003],[121.69545230200004,16.73936013700012],[121.6955387910001,16.739143914000124],[121.69559284700017,16.738981747000082],[121.69542527400006,16.738895257000024],[121.69522526800006,16.738873635],[121.69516580600009,16.738889852000057],[121.6950306670002,16.738889852000057],[121.69492255500029,16.739003369000102],[121.69484687700003,16.739057425000112],[121.6946955210002,16.73914931900009],[121.69464146500013,16.739241214000174],[121.69456038200008,16.739327704],[121.69452254200019,16.7393385150001],[121.69440362000012,16.739289864000114],[121.69434956400005,16.739197970000134],[121.69427929100004,16.73912769700007],[121.69418199100016,16.739106075000052],[121.69409550200021,16.739165536000087],[121.69402522900009,16.739246620000074],[121.69388468400018,16.739241214000174],[121.69384144000014,16.739116885999977],[121.69387387300003,16.738960124000187],[121.69383062900022,16.738824985000065],[121.69369548900022,16.73867903400003],[121.69351710500018,16.738516866999987],[121.6933549380002,16.73835469900007],[121.69325223200008,16.73820334300018],[121.69313871500015,16.737911442000097],[121.6930197920002,16.73773305800006],[121.6930197920002,16.737370884000143],[121.69314412000017,16.7370087110001],[121.69314412000017,16.736700593000023],[121.69312790300012,16.736451936000094],[121.69319277000011,16.736376258000064],[121.69377116700002,16.735965434000036],[121.69414415200015,16.735916784000096],[121.69454957000005,16.73583570000011],[121.69468471000005,16.735797861000094],[121.69461984300017,16.735646504999977],[121.69440362000012,16.735565421000047],[121.69421983000018,16.735538393000127],[121.69409550200021,16.735414065000157],[121.69402522900009,16.73523568100012],[121.69397117400001,16.73506270300004],[121.69406847400023,16.735035675000063],[121.6942306410001,16.73506270300004],[121.6943657810001,16.735078919000102],[121.6944630810001,16.735089730000027],[121.69450092000011,16.735019458000068],[121.69447389200002,16.734916752000117],[121.69441443100004,16.734846479000055],[121.69440362000012,16.734727556999985],[121.69427388600002,16.734630256],[121.69413874600002,16.734603228000083],[121.69407928500016,16.734522145000028],[121.69409009600008,16.734462683000118],[121.69416577400011,16.734408628000153],[121.69431713100016,16.73424105500004],[121.69477119900023,16.73394374800006],[121.69492796100008,16.733824825000113],[121.69497120500023,16.73356535700009],[121.69511175000002,16.733381568000084],[121.69525770100017,16.73341400100003],[121.69532797400018,16.73346805700004],[121.69541446300013,16.73351670699998],[121.69550095200009,16.733500491000086],[121.69558203600002,16.73331670100015],[121.6957387980001,16.733176156000127],[121.69591718200013,16.73295993300013],[121.69609556600005,16.732884255000045],[121.69621989400025,16.732884255000045],[121.69629016600004,16.732954527],[121.69639287200005,16.73307885500003],[121.69648476700002,16.733176156000127],[121.6965766620001,16.733100478000097],[121.69658206800023,16.733003177000114],[121.69664152900009,16.732803171000114],[121.69666315100005,16.732619381000177],[121.69662531200004,16.732473431000187],[121.69650098400007,16.732359914000142],[121.69630638300009,16.73226801900006],[121.69615502700015,16.73214369100009],[121.695982049,16.732073418000027],[121.6958036640001,16.732008551000092],[121.69564690300001,16.732051796],[121.69544689600025,16.731932873000062],[121.69537121800022,16.73200314500002],[121.69524689000002,16.731927467000105],[121.6952036450001,16.73176530000012],[121.69516040100007,16.731673405000095],[121.69503607200022,16.73166259400017],[121.694873905,16.73171124400011],[121.69471714300005,16.731619349000027],[121.6945657870001,16.731576104999988],[121.6944630810001,16.73156529400012],[121.69437659200003,16.731467993000138],[121.6941982080001,16.731257175999986],[121.69399820100023,16.73115987500006],[121.69389009000008,16.731224742000165],[121.69374954500006,16.73118690300015],[121.69056478400012,16.731885166000097],[121.69026221100034,16.730377842000053],[121.69020165600023,16.7300442130001],[121.69012888100019,16.729613224000047],[121.69009131000018,16.729407949],[121.68999436800016,16.72902286900012],[121.6898840790002,16.72828236099997],[121.68928481000023,16.72742368500019],[121.68898282700002,16.72710442200014],[121.6915288460001,16.726824066],[121.6947552710003,16.72605756700011],[121.69626193500005,16.725296032000074],[121.69950654600007,16.726562423000132],[121.700536542,16.72613844200015],[121.70207754000012,16.726041437],[121.70314553600008,16.725640454000143],[121.7039245090001,16.723237],[121.70441681000011,16.722937269000056],[121.7051502400002,16.721679991000087],[121.70634753700006,16.722485728000095],[121.70755339500022,16.723769382000057],[121.70817577300011,16.725208632000147],[121.7108597790002,16.72633669200019],[121.71879501100022,16.728428604999976],[121.71877702100016,16.728445287000113],[121.71688387000006,16.73020075400018],[121.71418410600018,16.730126218000066],[121.70612166800015,16.734212659000036],[121.70303031000014,16.73382433600011],[121.69856104700011,16.737547346000156],[121.69598661700002,16.741640965000045],[121.6958739370001,16.741598046000092],[121.6957333920002,16.741538585000058],[121.6956685250002,16.741598046000092],[121.69569014700005,16.741711563000024],[121.69571717500014,16.741808864000177],[121.69571177000012,16.741884542000037]]]}},{"type":"Feature","properties":{"adm4_name":"Soyung","adm4_pcode":"PH0203112059"},"geometry":{"type":"Polygon","coordinates":[[[121.66707249500007,16.70637381400013],[121.66436624400012,16.70913223800011],[121.66245693700012,16.708313962999966],[121.65998113200021,16.706845266000073],[121.65975033600012,16.705061847000024],[121.65914187600004,16.70321548400011],[121.65765219700029,16.702040526000076],[121.65727752500004,16.698701875000097],[121.65743863100022,16.69699660300006],[121.657902884,16.69201746800013],[121.66030684100019,16.693855789000054],[121.66288756000017,16.694951711000158],[121.66525616600018,16.695658757000047],[121.66744800900005,16.69541129099997],[121.6699933760001,16.695163825000122],[121.67203809300008,16.695636166000043],[121.673634665,16.695658757000047],[121.67246269700001,16.699935076000088],[121.67212798700007,16.70040952300019],[121.6715283330002,16.701332346000072],[121.67095276300017,16.70220041800013],[121.66707249500007,16.70637381400013]]]}},{"type":"Feature","properties":{"adm4_name":"Taggappan","adm4_pcode":"PH0203112060"},"geometry":{"type":"Polygon","coordinates":[[[121.67697111700022,16.704232224],[121.67640652100022,16.705134880000116],[121.67554788500001,16.70466310100005],[121.67465150600003,16.70419132300009],[121.67374569100014,16.703691238000033],[121.67282100500006,16.703181717000064],[121.67191519100004,16.70268163200018],[121.67095276300017,16.70220041800013],[121.6715283330002,16.701332346000072],[121.67212798700007,16.70040952300019],[121.67246269700001,16.699935076000088],[121.673634665,16.695658757000047],[121.67549440500022,16.695572838000146],[121.67750243100011,16.69633263200012],[121.67938834700021,16.696726096000134],[121.67842010900006,16.70062679200015],[121.6789741350002,16.70078873800003],[121.67738196700009,16.703364866000015],[121.67697111700022,16.704232224]]]}},{"type":"Feature","properties":{"adm4_name":"Tuguegarao","adm4_pcode":"PH0203112061"},"geometry":{"type":"Polygon","coordinates":[[[121.69239712900003,16.71380770900015],[121.69231011400007,16.71612095600011],[121.687262787,16.711622478000095],[121.68603062100021,16.71032056700011],[121.68600817400022,16.71031642400004],[121.68397827500019,16.709941757000024],[121.68422197800021,16.708695343999977],[121.68429524000021,16.708239490000096],[121.68437664300006,16.708027844000185],[121.68450587500013,16.707479671000044],[121.68458014900023,16.707091717000083],[121.68462568500013,16.706861002000096],[121.68522827400011,16.707022304000134],[121.68607102100009,16.70722993800007],[121.6867783460001,16.707281947000013],[121.6869015540002,16.707291006000162],[121.6873046070001,16.707327647000056],[121.68778094200013,16.7074619980001],[121.68800078900028,16.70754749400004],[121.68826949100014,16.707486426000173],[121.68853819300034,16.707291006000162],[121.68892903200026,16.70736428900011],[121.68902674200001,16.70763299100014],[121.68917330600004,16.70792612000014],[121.68946643600032,16.708097112000075],[121.68982063400017,16.70802383000006],[121.69008933500004,16.707938334000062],[121.69018704500002,16.70775512800003],[121.69073666300017,16.707596349000085],[121.6912984940002,16.707437571000128],[121.6915305550001,16.707596349000085],[121.69182368400016,16.7074619980001],[121.69244658400021,16.70736428900011],[121.69288627800017,16.707303220000085],[121.69382673500002,16.707132227999978],[121.69327032100023,16.70981096700001],[121.69239712900003,16.71380770900015]]]}},{"type":"Feature","properties":{"adm4_name":"Villa Campo","adm4_pcode":"PH0203112062"},"geometry":{"type":"Polygon","coordinates":[[[121.80411885700016,16.665401148],[121.79745864400002,16.665420546],[121.78632943000002,16.665145654000014],[121.78502259900006,16.65651245300006],[121.78405955200003,16.65379821200014],[121.7836790130001,16.65085913000013],[121.78268897900023,16.64702496400014],[121.78238604900002,16.64391275400004],[121.78375472000005,16.64162744700002],[121.78436986900022,16.637866033000023],[121.78729647600017,16.635568164000063],[121.78929574900008,16.634047455000086],[121.80423736600028,16.641618470000083],[121.80958761700003,16.646553760000074],[121.81356916000004,16.648679363000156],[121.81836476300009,16.64755568200019],[121.82239918200003,16.646623117],[121.82559358800017,16.654267559000118],[121.82578001600018,16.658662682000056],[121.82650488700017,16.66166918500005],[121.82323486400003,16.66193234100018],[121.81973660900007,16.663057226999967],[121.81556736600021,16.664864566000062],[121.81120653900007,16.664929597000025],[121.80935147800017,16.66411728600019],[121.80795364100004,16.664513149000186],[121.80411885700016,16.665401148]]]}},{"type":"Feature","properties":{"adm4_name":"Villa Fermin","adm4_pcode":"PH0203112063"},"geometry":{"type":"Polygon","coordinates":[[[121.65472544800002,16.604768289000106],[121.65469069000017,16.60793594600011],[121.65249368800005,16.607497987000045],[121.65108168800009,16.607305009000015],[121.64781668600017,16.60681906100018],[121.64546668300011,16.606149118000076],[121.6432926770002,16.605138195000166],[121.64142367700015,16.60495921900008],[121.63813233800022,16.60564843000003],[121.63221191000002,16.60477133000012],[121.62782640800015,16.604716511000106],[121.62500470400005,16.607143199000177],[121.6247377000002,16.60647324200005],[121.62447868900017,16.604982335000045],[121.62464667100005,16.60265547500012],[121.62548565500015,16.600595595000186],[121.62735463900003,16.59855870600012],[121.62818663200005,16.597663754000166],[121.62782762100016,16.59614784900009],[121.62669861300014,16.594978928000046],[121.62682059500014,16.592673068000067],[121.62619458100005,16.590603198000053],[121.62715656400007,16.588477321000084],[121.62971254700017,16.58647842500011],[121.6323515260001,16.583796570000118],[121.63393150400009,16.580998729000044],[121.63464849200022,16.57941582100017],[121.63504448000015,16.57789391100016],[121.63569558000017,16.576176335000184],[121.64195388100006,16.575546003000056],[121.64531267000007,16.574249993000137],[121.64629900000034,16.573024553000153],[121.64710599700004,16.572815331000072],[121.64764399500018,16.573173997000083],[121.64854065800023,16.57344299600004],[121.64958676600008,16.57395110500005],[121.65054320700006,16.57448910300019],[121.64933777400006,16.57626638300013],[121.6481671570001,16.57842752199997],[121.64893256100004,16.581309042000044],[121.64911265600006,16.584190561000128],[121.65324854200003,16.58797717100009],[121.65504829300016,16.58966906100011],[121.65410459100008,16.59143229299997],[121.6537409010001,16.592540196000073],[121.65395558600005,16.597740194000096],[121.65502345900006,16.60221036000013],[121.65472544800002,16.604768289000106]]]}},{"type":"Feature","properties":{"adm4_name":"Villa Rey","adm4_pcode":"PH0203112064"},"geometry":{"type":"Polygon","coordinates":[[[121.82024141400018,16.680234029000133],[121.81182018800007,16.681277593000118],[121.81558557300002,16.675256795000053],[121.81385073300032,16.671683562000055],[121.81136517200014,16.668916956000146],[121.80978123600016,16.66671521900014],[121.80795364100004,16.664513149000186],[121.80935147800017,16.66411728600019],[121.81120653900007,16.664929597000025],[121.81556736600021,16.664864566000062],[121.81973660900007,16.663057226999967],[121.82323486400003,16.66193234100018],[121.82650488700017,16.66166918500005],[121.82843864600022,16.66192566900014],[121.83451293600012,16.663179154000034],[121.83942239500016,16.661668001000123],[121.84065833400018,16.665137962000074],[121.84045676100015,16.667662339000174],[121.84003155200003,16.66865262700003],[121.84031860400012,16.67113558900013],[121.83656151900004,16.674594724000087],[121.831489368,16.67786863400005],[121.82675995200009,16.67940698000018],[121.82024141400018,16.680234029000133]]]}},{"type":"Feature","properties":{"adm4_name":"Villa Victoria","adm4_pcode":"PH0203112065"},"geometry":{"type":"Polygon","coordinates":[[[121.6644047740001,16.58837664100014],[121.65504829300016,16.58966906100011],[121.65324854200003,16.58797717100009],[121.64911265600006,16.584190561000128],[121.64893256100004,16.581309042000044],[121.6481671570001,16.57842752199997],[121.64933777400006,16.57626638300013],[121.65054320700006,16.57448910300019],[121.65129042700005,16.574518992000094],[121.65215720100002,16.574369548000163],[121.65299408700002,16.574190215000158],[121.653382641,16.574518992000094],[121.65364306900005,16.575715078000087],[121.65409997200027,16.576043320000053],[121.65457819300013,16.57607320900013],[121.65524265400018,16.575476334000086],[121.65613241000005,16.575385767000114],[121.65705896200018,16.575415655000086],[121.65720840600011,16.57601343099998],[121.65816484700008,16.575565099000016],[121.65896407600007,16.57543142900016],[121.66515053100022,16.57480785100006],[121.6641955550001,16.57655068300005],[121.66401551500007,16.579192926000076],[121.66581646400016,16.581264018000013],[121.66946338800028,16.583830371000033],[121.67096705100005,16.586217099000123],[121.6644047740001,16.58837664100014]]]}},{"type":"Feature","properties":{"adm4_name":"Cabugao (Pob.)","adm4_pcode":"PH0203112066"},"geometry":{"type":"Polygon","coordinates":[[[121.67330616100003,16.71064261800018],[121.67232182200019,16.71100211600009],[121.66987015900008,16.708898865000037],[121.66773394600023,16.706944927000052],[121.66707249500007,16.70637381400013],[121.67095276300017,16.70220041800013],[121.67191519100004,16.70268163200018],[121.67282100500006,16.703181717000064],[121.67374569100014,16.703691238000033],[121.67465150600003,16.70419132300009],[121.67554788500001,16.70466310100005],[121.67640652100022,16.705134880000116],[121.67595103700035,16.70599482600005],[121.6754117910001,16.70691068900004],[121.6737512540002,16.71002633600017],[121.67345167200006,16.710539905000132],[121.67330616100003,16.71064261800018]]]}},{"type":"Feature","properties":{"adm4_name":"Diasan","adm4_pcode":"PH0203112067"},"geometry":{"type":"Polygon","coordinates":[[[121.81836476300009,16.64755568200019],[121.81356916000004,16.648679363000156],[121.80958761700003,16.646553760000074],[121.80423736600028,16.641618470000083],[121.78929574900008,16.634047455000086],[121.79077205400029,16.629797178000047],[121.79146287800006,16.62835105900001],[121.79197776400008,16.62719714000002],[121.79058706800004,16.623461421000115],[121.7904923960001,16.62320680900018],[121.78940007400013,16.62097870400015],[121.78931544600005,16.616330497000035],[121.84627744800002,16.61896109600019],[121.83132989200021,16.62753207300011],[121.8260545200003,16.63240376699997],[121.8226464170001,16.639745483000127],[121.82239918200003,16.646623117],[121.81836476300009,16.64755568200019]]]}}]}